-- MySQL dump 10.13  Distrib 5.7.17, for macos10.12 (x86_64)
--
-- Host: localhost    Database: books
-- ------------------------------------------------------
-- Server version	5.7.21-log

/*!40101 SET @OLD_CHARACTER_SET_CLIENT=@@CHARACTER_SET_CLIENT */;
/*!40101 SET @OLD_CHARACTER_SET_RESULTS=@@CHARACTER_SET_RESULTS */;
/*!40101 SET @OLD_COLLATION_CONNECTION=@@COLLATION_CONNECTION */;
/*!40101 SET NAMES utf8 */;
/*!40103 SET @OLD_TIME_ZONE=@@TIME_ZONE */;
/*!40103 SET TIME_ZONE='+00:00' */;
/*!40014 SET @OLD_UNIQUE_CHECKS=@@UNIQUE_CHECKS, UNIQUE_CHECKS=0 */;
/*!40014 SET @OLD_FOREIGN_KEY_CHECKS=@@FOREIGN_KEY_CHECKS, FOREIGN_KEY_CHECKS=0 */;
/*!40101 SET @OLD_SQL_MODE=@@SQL_MODE, SQL_MODE='NO_AUTO_VALUE_ON_ZERO' */;
/*!40111 SET @OLD_SQL_NOTES=@@SQL_NOTES, SQL_NOTES=0 */;

--
-- Table structure for table `Banner`
--

DROP TABLE IF EXISTS `Banner`;
/*!40101 SET @saved_cs_client     = @@character_set_client */;
/*!40101 SET character_set_client = utf8 */;
CREATE TABLE `Banner` (
  `Banner_ID` int(11) NOT NULL AUTO_INCREMENT,
  `Banner_Src` varchar(255) NOT NULL,
  `Banner_Type` int(11) NOT NULL,
  PRIMARY KEY (`Banner_ID`),
  UNIQUE KEY `Banner_Src_UNIQUE` (`Banner_Src`)
) ENGINE=InnoDB AUTO_INCREMENT=9 DEFAULT CHARSET=utf8;
/*!40101 SET character_set_client = @saved_cs_client */;

--
-- Dumping data for table `Banner`
--

LOCK TABLES `Banner` WRITE;
/*!40000 ALTER TABLE `Banner` DISABLE KEYS */;
INSERT INTO `Banner` VALUES (1,'http://img60.ddimg.cn/upload_img/00678/zsts/750x315_djj_0322-1521708772.jpg',1),(6,'http://img63.ddimg.cn/picc/cicici750x315.jpg',1),(7,'http://img63.ddimg.cn/upload_img/00087/hw/wy_750x315_0130-1518332894.jpg',0),(8,'http://img60.ddimg.cn/upload_img/00316/zhulin/9879.750-1521624961.jpg',1);
/*!40000 ALTER TABLE `Banner` ENABLE KEYS */;
UNLOCK TABLES;

--
-- Table structure for table `Book`
--

DROP TABLE IF EXISTS `Book`;
/*!40101 SET @saved_cs_client     = @@character_set_client */;
/*!40101 SET character_set_client = utf8 */;
CREATE TABLE `Book` (
  `Book_ID` int(12) NOT NULL AUTO_INCREMENT,
  `Book_Name` varchar(255) NOT NULL,
  `Book_TypeID` int(12) DEFAULT NULL,
  `Book_Price` decimal(8,2) unsigned NOT NULL DEFAULT '0.00',
  `Book_Stock` int(5) NOT NULL DEFAULT '0',
  `Book_Des` varchar(255) DEFAULT NULL,
  `Book_Img` varchar(255) DEFAULT NULL,
  `Book_Sales` int(11) NOT NULL DEFAULT '0',
  PRIMARY KEY (`Book_ID`)
) ENGINE=InnoDB AUTO_INCREMENT=541 DEFAULT CHARSET=utf8;
/*!40101 SET character_set_client = @saved_cs_client */;

--
-- Dumping data for table `Book`
--

LOCK TABLES `Book` WRITE;
/*!40000 ALTER TABLE `Book` DISABLE KEYS */;
INSERT INTO `Book` VALUES (41,'和孩子一起成长，是最好的教养',3,27.00,2,'养育注定是一场渐行渐远的离别，但陪伴的时光永不褪色。数十万父母关注的“养育男孩”公号作者鱼爸亲身育儿经验，引领育儿新风尚。有理论，有方法，有经验，让陪伴成就孩子的美好未来。','http://img3m7.ddimg.cn/9/23/25205607-1_w_3.jpg',125),(42,'生活需要仪式感 （你可以活得更高级，把温暖和感动带给你在乎的人）',6,24.00,3,'拥有仪式感，你才能真正成为有爱、有温度、有人情味的人，得到认可与尊重，收获惊喜、浪漫、幸运和精彩。人民日报强烈呼吁，3000家媒体感动推荐，5亿人热情参与，写给有心改变却失去方向的人。','http://img3m4.ddimg.cn/58/12/25209814-1_w_2.jpg',80),(43,'原则 principles 雷·达里奥著 跨年演讲推荐图书 团购电话:010-57993149',7,66.00,1,'华尔街投资人、桥水公司创始人雷·达里奥白手起家40多年的生活与工作原则；比尔·盖茨、张瑞敏、潘石屹、万维钢，吴晓波、傅盛、罗辑思维等倾情推荐；中国金融投资圈诸多高管期盼多年终得上市中文版。','http://img3m9.ddimg.cn/21/7/25204629-1_w_7.jpg',0),(44,'东野圭吾新作：白金数据（凶手，竟然是我自己？！）',8,24.00,23,'凶手，竟然是我自己；拥有值得反复思考的深度，远远超越“推理小说”范畴。《嫌疑人X的献身》之后，推理天王东野圭吾烧脑巨献。二宫和也主演同名电影原著小说，日文版狂销170万册。','http://img3m7.ddimg.cn/20/13/25206707-1_w_3.jpg',44),(45,'东野圭吾：假面山庄（东野圭吾烧脑长篇）',8,29.00,2,'东野圭吾自信满满的长篇小说，中文简体初次出版。这不仅仅是一本推理小说，读完后才能领悟那份深埋心底的巨大的爱。','http://img3m1.ddimg.cn/93/24/25206681-1_w_3.jpg',1),(46,'张德芬：我们终将遇见爱与孤独',6,24.00,0,'“遇见未知的自己”系列后，张德芬2018新书，直面童年创伤、婚变、儿女远行等无法逃避的痛苦,以自传式全新作品，分享人生重大挫折的蜕变之旅！尹建莉、武志红、吴晓波全力推荐！','http://img3m9.ddimg.cn/46/28/25207129-1_w_3.jpg',20),(47,'刺杀骑士团长（2月5日到3月7日预售期间下单，赠送全新版《挪威的森林》）',8,76.00,1,'2月5日0点预售正式开启！村上春树时隔七年长篇巨著,关于创伤、内省、对峙、重生的力量之作,2017年度日本小说类榜首！','http://img3m8.ddimg.cn/42/10/25228608-1_w_14.jpg',0),(48,'小学问 : 解决你的7种人生焦虑(团购请致电010-57993149)',6,35.00,12,'继《好好说话》畅销百万册后，马东团队全新力作。在这个充满焦虑的时代，如何做一个聪明人？只有知识，没有观点的人，正在被淘汰。《小学问》——迅速提升你解决焦虑的能力！','http://img3m9.ddimg.cn/15/28/25208979-1_w_8.jpg',0),(49,'就喜欢你看不惯我又干不掉我的样子3',11,31.00,6,'吾皇巴扎黑爆笑来袭！姚晨、马东、高晓松、林依轮、俞敏洪等众多名人转发推荐！','http://img3m2.ddimg.cn/68/14/25200122-1_w_12.jpg',35),(50,'熊猫先生礼仪课堂（全4册）',9,55.00,34,'荣获牛津图书奖！包含四大儿童礼仪主题，是跟孩子讨论礼仪问题的绝佳绘本','http://img3m9.ddimg.cn/5/10/25213919-1_w_1.jpg',40),(51,'房思琪的初恋乐园',8,27.00,0,'','http://img3m8.ddimg.cn/14/27/25208978-1_w_3.jpg',0),(52,'给青年的十二封信（中学生定制版）部编教材八年级下推荐阅读书系',10,20.00,0,'本版为全本，不是选编，不是节选，原汁原味展示大师作品，不仅收录了《给青年的十二封信》，还新增了《谈修养》。两部相隔十年的作品，在此融合，让每一颗成长的灵魂在他的智慧之中得到滋养和丰富。','http://img3m7.ddimg.cn/17/18/25205417-1_w_3.jpg',0),(53,'情商是什么（杨澜、吴晓波联袂推荐。所谓情商高，绝不仅仅是会说话。百万畅销李筱懿全新力作。她用好听的故事深入浅出剖析情商硬知识）',6,26.00,3,'情商是一门综合学问，是可以通过不断的训练和改造来提升的。44个生活智慧的故事，集知识性、趣味性和实用性于一体，专为都市男女量身打造的情商修炼指南。“故作高深的人讲道理，真正高深的人讲故事。”果麦出品','http://img3m8.ddimg.cn/22/11/25201858-1_w_4.jpg',0),(54,'钝感力（渡边淳一经典：具备不为小事动摇的钝感力，才能成为真正的赢家)',6,20.00,15,'','http://img3m9.ddimg.cn/23/12/25201859-1_w_3.jpg',30),(55,'奇迹博物馆',8,29.00,0,'畅销欧美30多个国家的心灵治愈小说，上市后连续霸占《纽约时报》畅销榜18周。媲美《解忧杂货店》、《雪落香杉树》的经典作品。我们不断在黑暗中寻找光，在残酷的现实里，寻找奇迹。 酷威文化','http://img3m9.ddimg.cn/0/34/25200549-1_w_2.jpg',0),(56,'河边的错误 (《活着》作者余华ZUI具代表性四部中篇首次结集)',8,37.00,0,'畅销30周年纪念版, 岩纹纯质, 红金烫印, 精装典藏；这里不仅有阴郁、冷酷的血腥场面，更重要的是，余华让我们看到人是如何被暴力裹挟前行，并成为暴力的制造者和牺牲者。','http://img3m5.ddimg.cn/56/7/25201595-1_w_1.jpg',0),(57,'女孩们（在这个世界上 只是身为女孩 就会妨碍你相信自己）',8,34.00,33,'轰动全球，畅销39个国家地区；《纽约时报》小说畅销榜第yi名；十年一度，Granta评选“美国zui佳青年小说家”第yi名；《华盛顿邮报》等18家媒体一致评选“年度zui佳图书”','http://img3m0.ddimg.cn/6/27/25204020-1_w_4.jpg',29),(58,'十宗罪6：本书根据真实案例改编而成。十宗罪系列第6季重磅回归（蜘蛛 2018作品）',8,31.00,21,'参与活动赢取电子阅读器及蜘蛛寄语签名等罕物。畅销书作者蜘蛛新近作品，《十宗罪》系列第6季，震撼来袭！轰动一时的社会议题，罪案背后的人性挖掘。有时我们的眼睛能看到宇宙，却看不到社会底层悲惨的世界。','http://img3m2.ddimg.cn/36/28/25213752-1_w_5.jpg',1),(59,'偶遇（鲁豫时隔15年全新作品集）',12,29.00,0,'鲁豫时隔十五年全新作品集，回答当下年轻人普遍关注、普遍困惑的人生问题！','http://img3m8.ddimg.cn/1/31/25206688-1_w_3.jpg',0),(60,'默读',13,27.00,0,'《大英雄时代》《有匪》后大神级作家Priest口碑爆品 史上备受瞩目的罪案小说——人气逆天程度，没有之一！随书赠送倾予九川手绘《默读》警队全员','http://img3m8.ddimg.cn/21/14/25206708-1_w_5.jpg',0),(61,'狗年的礼物（全彩精装，限量版）',9,37.00,0,'狗年生肖礼物，送给所有属狗的大小朋友。著名剪纸艺术家、中国邮政生肖邮票设计者于平、任凭，用剪纸诠释生肖文化，每年一本，第十一年倾情献礼，浸润孩子的中国根。赠送《瑞狗迎春》吉祥剪纸。（步印童书馆出品）','http://img3m1.ddimg.cn/90/11/25207371-1_w_3.jpg',0),(62,'琅琊榜之风起长林（作者签章版）',13,56.00,0,'(海宴原著，承继琅琊风骨、赤焰忠魂，精彩讲述少年意气，情义千秋。同名热播剧由正午阳光影业出品，黄晓明、刘昊然、佟丽娅 、张慧雯主演。随书赠送4张精美剧照明信片)','http://img3m1.ddimg.cn/22/3/25210471-1_w_9.jpg',0),(63,'和你在一起才是全世界3：比哈特（预售作者亲笔签名本+限量特签）（继《全世界》系列畅销80万册后，人气暖心告白书第三季甜蜜来袭！顾西爵、书海沧生欢乐推荐！）',13,23.00,0,'（世界很大，人山人海；世界很小，只你共我。随书附赠暖萌年历卡册。当当专享暖萌“侣行”卡。白马时光）','http://img3m3.ddimg.cn/75/12/25230423-1_w_3.jpg',0),(64,'读书是一辈子的事（团购请致电010-57993149）',6,31.00,0,'樊登读书会创始人分享读书智慧与独家心得，带你突破思维的边界。马东、尹建莉、张德芬，敲黑板推荐！','http://img3m6.ddimg.cn/89/26/25204796-1_w_5.jpg',0),(65,'饮食滋味 《黄帝内经》饮食版！畅销书《黄帝内经说什么》作者徐文兵重磅新作！',14,41.00,0,'在吃饭这件事情上，更应该相信人的本能，以人为本。吃什么不重要，什么时候饥了、饿了、馋了很重要，饮食的味道比饮食本身重要得多，为每一个中国人的体质度身定做！','http://img3m9.ddimg.cn/4/23/25221739-1_w_5.jpg',0),(66,'牧羊少年奇幻之旅',8,27.00,0,'一部能改变一个人一生的书，语种超过《圣经》，畅销170个国家，销量6500万册。当你想要某种东西时，整个宇宙会合力助你实现愿望','http://img3m8.ddimg.cn/50/28/25172978-1_w_5.jpg',0),(67,'尤尔小屋的猫',8,27.00,0,'全球30多个国家和地区争相引进版权，累计销量超过百万册，媲美《偷影子的人》的经典治愈佳作。《泰晤士报》《卫报》《爱尔兰时报》等数十家媒体温情推荐。一切看似逝去的，都不曾离开。酷威文化','http://img3m0.ddimg.cn/33/33/25197810-1_w_3.jpg',0),(68,'思考世界的孩子（全2册）：问个不停卷+想个不停卷',9,93.00,4,'从关注世界到认知自我，关于思考这件事——永远不嫌早。联合国教科文组织哲学顾问化身鲜活漫画形象，与小读者探讨59个关于世界的哲学问题。发问！思考！回答！即刻开启妙趣横生的哲学启蒙之旅','http://img3m7.ddimg.cn/23/35/25205027-1_w_8.jpg',7),(69,'风物年年(国内大陆地区包邮，风物与节气相结合的笔记本)',15,49.00,0,'跟着会吃会玩的小林老师记录生活的点点滴滴','http://img3m2.ddimg.cn/73/21/25226362-1_w_7.jpg',0),(70,'新时代面对面——理论热点面对面2018（团购请联系电话010-57993149）',16,16.00,0,'理论热点面对面.2018','http://img3m3.ddimg.cn/90/22/25228953-1_w_4.jpg',0),(71,'与情绪温柔相处（情绪从来不是问题，有问题的是我们应对情绪的方式。诚品书店畅销榜前十名）',17,35.00,0,'所谓“负面情绪”，其实都是有其正面功能的。与情绪温柔相处，在情绪中学习与成长。双色印刷，精美手绘插图，陪伴、导引、治愈被错待的你。','http://img3m1.ddimg.cn/83/7/25215581-1_w_1.jpg',0),(72,'朋友圈的尖子生',6,33.00,0,'罗辑思维金牌营销外脑，独立战略营销顾问小马宋，每周坚持约谈朋友圈里的大牛，他选取了朋友圈中13个典型的成功人生故事，从朋友角度剖析他们的成长和每个人精进的原理，为奋斗中的年轻人提供了人生进阶的不同视角','http://img3m2.ddimg.cn/79/1/25225972-1_w_9.jpg',6),(73,'新美南吉绘本珍藏版',9,84.00,0,'大奖画家渡边洋二、太田大八、二俣英五郎绘制，90幅插图，15个故事，原汁原味，童真纯净，以敬畏之心，还原经典（双螺旋童书馆）','http://img3m2.ddimg.cn/55/30/25208722-1_w_5.jpg',0),(74,'汪汪队立大功儿童安全救援漫画故事豪华贺岁大礼盒（专为中国孩子定制的狗年旺旺大礼）',9,150.00,0,'汪汪队与中国传统文化融合，狗年定制，限量发售，含10册全新上市漫画故事书、2018年台历、新春对联、红包、福字、窗花，25件新春大礼陪孩子过个平安欢乐年！','http://img3m7.ddimg.cn/41/2/25200887-1_w_9.jpg',0),(75,'给孩子的自然简史',9,74.00,0,'全面展现地球与生命的演变历程，一部真正为孩子而写的自然简史百科，北京自然博物馆科普部高源审读，随书附赠可爱动物折纸。未小读出品','http://img3m7.ddimg.cn/21/10/25201857-1_w_3.jpg',0),(76,'胡椒罐大楼的小侦探（全4册）',9,81.00,0,'英国童书桂冠作家——克里斯·里德尔获奖代表作，美国前总统奥巴马送给女儿的书。台东大学儿童文学教授林文宝、儿童文学作家张弘倾情推荐！（心喜阅童书出品）','http://img3m2.ddimg.cn/34/11/25205632-1_w_2.jpg',0),(77,'投资中不简单的事',7,48.00,0,'邱国鹭、邓晓峰、卓利伟、孙庆瑞、冯柳、王世宏6位价值投资者在中国资本市场实践价值投资的启示录，继《投资中*简单的事》后， 高毅资产价值投资系列又一诚意力作，高瓴资本创始人张磊倾情作序推荐！','http://img3m4.ddimg.cn/72/34/25212204-1_w_3.jpg',0),(78,'给成交一个理由  叶云燕  影响数百万保险人的销售圣经',7,33.00,0,'销售就是要成大单！中国平安首位千万年薪销售员、GHFP国家高级理财规划师叶云燕公开21年行业经验，影响数百万保险人的销售圣经。平安董事长马明哲、美图董事长蔡文胜亲笔作序。随书附叶云燕纯干货客户服务笔记','http://img3m0.ddimg.cn/97/13/25202230-1_w_9.jpg',0),(79,'大中华寻宝系列23  广西寻宝记 ',9,19.00,0,'“大中华寻宝系列”畅销750万册！ 全国各地省级图书馆馆长分别为“大中华寻宝系列”作序推荐！ 二十一世纪出版社集团携手国内*漫画创作团队京鼎动漫倾情打造！','http://img3m1.ddimg.cn/32/30/25204541-1_w_2.jpg',0),(80,'是谁杀了我（跟《摆渡人》一起入选“欧美青少年必读图书”全美书店平均4.6颗星高分推荐 ，在她死后发现的一切，远比死亡本身更恐惧。）',8,25.00,0,'（平静之下隐藏暗流，善意之后便是邪恶。午夜时分，究竟是谁让我们不寒而栗？）白马时光','http://img3m2.ddimg.cn/31/23/25195432-1_w_3.jpg',0),(81,'奇迹男孩（精装）',8,40.00,0,'同名电影2018 年1月19日全国上映。美国国家亲子出版奖金奖；美国图书馆协会儿童图书推荐奖；国际阅读协会教师推荐奖；马克·吐温奖','http://img3m1.ddimg.cn/72/34/25208541-1_w_1.jpg',0),(82,'我只是不愿意将就（攻星记系列，准到骨子里，说到心坎上）',13,22.00,0,'远了怕生，近了怕烦；少了怕淡，多了怕缠；超级分裂；一生多情，次次真心。能让你脱胎换骨的自愈自乐读本。卢思浩式的治愈、刘同式的指点。附赠专属卡片和作者写给双子座的亲笔信。','http://img3m7.ddimg.cn/59/27/25206647-1_w_5.jpg',0),(83,'奇迹:又名奇迹男孩',8,33.00,0,'同名电影原著小说，孙俪倾情推荐','http://img3m9.ddimg.cn/31/12/25221469-1_w_4.jpg',0),(84,'唐诗简史',18,42.00,0,'看中国诗词大会第三季，读郦波《唐诗简史》，一本《唐诗简史》，一部大唐300年风云史','http://img3m1.ddimg.cn/45/28/25214751-1_w_4.jpg',0),(85,'易中天中华史第十九卷：风流南宋（最新卷）（南宋看起来很弱？南宋其实一点儿也不弱。）',19,28.00,0,'','http://img3m3.ddimg.cn/80/18/25216073-1_w_3.jpg',0),(86,'硅谷工程师爸爸的超强思维训练课',3,37.00,0,'“憨爸在美国”公众号数十万粉丝翘首期待的思维训练法   理工科学霸、硅谷工程师爸爸分享的独家教育方案','http://img3m9.ddimg.cn/83/8/25204889-1_w_4.jpg',0),(87,'异类的天赋-天才、疯子和内向人格的成功密码',17,30.00,0,'科学版的《天才在左，疯子在右》！牛津大学前沿心理学研究成果，挖掘你潜在的疯狂与天赋。乔布斯、梵高、扎克伯格，从异类身上学习完美人生的关键！BBC、Discovery等频道好评力荐！“嗜血...','http://img3m8.ddimg.cn/70/30/25211608-1_w_3.jpg',0),(88,'蟋蟀冒险记',9,42.00,0,'越南家喻户晓的童话名著首次登陆中国；畅销70年，吸引每一个孩子的经典儿童小说；荣获越南文艺协会小说一等奖；亚非作家协会荷花奖；越南胡志明国家文学奖；越南文化协会小说奖','http://img3m3.ddimg.cn/82/21/25205383-1_w_6.jpg',0),(89,'存在主义咖啡馆——自由、存在和杏子鸡尾酒',21,63.00,0,'《纽约时报》等媒体年度畅销书 / 已卖出近二十种语言版权/ 端起一杯鸡尾酒，聊聊存在与自由 / 海德格尔、萨特、波伏娃、加缪、阿伦特、默多克等思想巨匠轮番登场 / 思想很有趣，但人更有趣','http://img3m4.ddimg.cn/81/33/25198254-1_w_3.jpg',0),(90,'妖猫传（沙门空海· 大唐鬼宴 全四册经典套装）',8,79.00,0,'当当读者专享陈凯歌签章，王蕙玲（李安御用编剧），黄轩、张雨绮、刘昊然等众多中日明星共同打造的同名电影即将上映。 梦枕貘：我还想再说一次。这故事，真的是至今为止没人写过的杰作。','http://img3m8.ddimg.cn/77/4/25194488-1_w_5.jpg',0),(91,'习近平谈治国理政 第一卷 中文版平装（修订新版，100册以上团购请联系电话010-57993149）',16,64.00,0,'','http://img3m2.ddimg.cn/23/36/25227302-1_w_2.jpg',0),(92,'历史的温度2：细节里的故事、彷徨和信念（当当独家亲笔签名版）',19,36.00,0,'六神磊磊、罗振宇、马勇、徐达内、严锋、张伟等力荐。历史书上的一段话、一个名字甚至一张图，它们的背后到底隐藏了什么？一个个有温度的故事，一个个有血有肉的真实的人，读一点故事，长...','http://img3m3.ddimg.cn/65/18/25220513-1_w_3.jpg',0),(93,'无可替代的你',13,34.00,0,'人气言情作者四十二吨甜宠暖文新作，中国版《杀了我治愈我》！一部天才女神重拾荣光的血泪史&精分影帝漫漫十年追爱记。柏林石匠、素光同联袂推荐。随书附赠精美书签&软萌宠物贴纸。酷威文化','http://img3m8.ddimg.cn/90/28/25197768-1_w_3.jpg',0),(94,'风筝',8,54.00,0,'军统郑耀先 柳云龙主演同名谍战剧《风筝》原著小说','http://img3m9.ddimg.cn/5/28/25211939-1_w_1.jpg',0),(95,'小鸡球球洞洞认知书：全4册 （新版）',9,70.00,0,'出生几个月的小宝宝就可以自己翻的洞洞认知书。畅销百万册小鸡球球系列新作，洞洞游戏+4大基础认知，是书也是玩具，抠洞洞、玩游戏、学认知，在发展认知力的同时，锻炼观察力、想象力、思维力和手部动作！','http://img3m2.ddimg.cn/55/10/25202782-1_w_5.jpg',0),(96,'手把手教你玩脱口秀',6,52.00,0,'《宇宙超度指南》作家、《吐槽大会》策划人李诞、《万万没想到》导演叫兽易小星、《奇葩说》选手《吐槽大会》嘉宾臧鸿飞、脱口秀译者谷大白话、《吐槽大会》出品人笑果文化董事长叶烽推荐！','http://img3m1.ddimg.cn/81/28/25211421-1_w_2.jpg',0),(97,'如果你生来没有翅膀：独立女神香奈儿传（附赠精美香奈儿图册）',22,26.00,0,'揭开传奇女性可可?香奈儿的神秘面纱，看她如何一步步从一贫如洗的乡下土妞蜕变为独立优雅的时尚大师与呼风唤雨的财富女王，看她收获*好的爱情','http://img3m7.ddimg.cn/44/25/25203167-1_w_3.jpg',0),(98,'团圆 信谊原创图画书系列',9,31.00,0,'一部将民族传统文化、现代生活内涵、儿童心理情感恰切而有机地融为一体，具有人情味、历史感、艺术美的感人绘本','http://img3m1.ddimg.cn/77/11/25225871-1_w_3.jpg',0),(99,'爱的教育（2018全新未删节插图珍藏版，译者3次荣获意大利总统勋章！一部关于成长、关于教育、关于爱的百科全书式小说）作家榜',9,91.00,0,'欧美孩子人手一册的奇迹童书，全球销量突破2000万册，获奖无数！帮助孩子成为充满梦想、勇气和爱的人。2018一字未删珍藏版！独家新增218幅全彩插图，赠送48张趣味贴纸。6~14岁孩子必读！','http://img3m1.ddimg.cn/67/9/25220911-1_w_4.jpg',0),(100,'有你真好（全三册）',9,33.00,0,'屡获大奖的畅销绘本，完美诠释友情、亲情、爱情，让孩子从小学会理解爱、感受爱、分享爱。红帽子童书出品','http://img3m0.ddimg.cn/0/22/25215300-1_w_1.jpg',0),(101,'斗罗大陆3龙王传说23 唐家三少',13,20.00,0,'当当网* 唐家三少创作14周年纪念','http://img3m1.ddimg.cn/64/20/25206751-1_w_5.jpg',0),(102,'历史之谜：少年科学探秘小说（全十册）',9,162.00,0,'扑朔迷离的传说，众说纷纭的历史谜团；用孩子的视角，去探索人类未知的秘密；科学的求证，严密的推理，惊险紧张的情节；刺激孩子的冒险精神，激发求知欲望。红点童书馆出品','http://img3m4.ddimg.cn/51/14/25205154-1_w_3.jpg',0),(103,'意林合订本2017年19期-24期（总第55卷）（升级版）',6,19.00,0,'随书附赠：明星海报','http://img3m5.ddimg.cn/98/22/25189955-1_w_2.jpg',0),(104,'使女的故事',8,38.00,0,'全球年度畅销书，艾美奖年度剧集原著小说，引发国内外热议的警世寓言','http://img3m6.ddimg.cn/83/35/25198256-1_w_5.jpg',0),(105,'幸福的最小行动',6,35.00,0,'哈佛心理学专家、“十点读书”爆款课程导师、《我是演说家》总冠军、刘墉之子刘轩的8条积极心理学法则，提升幸福指数的科学指南，跨界人生的思维工具和行动方法大公开，超过10万人验证有效','http://img3m6.ddimg.cn/65/15/25212296-1_w_3.jpg',0),(106,'这个世界，终不会辜负努力的人',6,25.00,0,'央视90后帅气男主播李泽鹏首部励志随笔集！微博百万粉丝翘首以盼！送给曾饱经磨砺，却依然温暖向上的你。杨澜、郎永淳、郝景芳、蔡崇达亲笔寄语 ，诚意推荐！','http://img3m3.ddimg.cn/83/14/25221323-1_w_2.jpg',0),(107,'故宫怪兽谈（全三册）(赠12张手绘神兽明信片。地下皇宫+隐世界+影子学校。《故宫里的大怪兽》作者全新力作，中国孩子自己的哈利波特 ）',9,85.00,0,'讲述关于故宫、神兽的冒险故事，精准还原古代神兽的形象与性格，带领小读者上天入地，从单纯的阅读故事快感走向探索历史、知识之旅，送给孩子贴心的过年礼物。果麦出品','http://img3m8.ddimg.cn/75/13/25216068-1_w_6.jpg',0),(108,'我们之间',8,32.00,0,'《偷影子的人》作者马克.李维温情疗愈新作。孤独是人生的选择，而非注定的命运，总会有一个人出现，让毫无波澜的人生从此充满期待。法国年度榜单畅销书，42国读者感动推荐！','http://img3m3.ddimg.cn/51/10/25200303-1_w_2.jpg',0),(109,'疯了！桂宝.19，能量卷',11,32.00,0,'知名漫画家阿桂作品！连续8年*漫画！激发无穷想象力和创造力！全新科幻机甲漫画《量子17号》火爆开载！','http://img3m9.ddimg.cn/87/5/25221129-1_w_3.jpg',0),(110,'了不起的盖茨比（我抹掉过去，只为了让爱重来！2018全新译本，诗意还原经典神韵）',8,13.00,0,'莱昂纳多主演同名电影原著小说。特别收录菲氏魔幻小说《像里茨饭店一样大的钻石》。豆瓣8.9分译者张炽恒翻译。','http://img3m7.ddimg.cn/0/23/25215597-1_w_3.jpg',0),(111,'见识丛书·基因传',23,52.00,0,'赠价值44元《基因传》伴读有声书”基因的发现，破解了生命的奥秘。当我们能够掌控和改造人类基因时，“人类”的概念将从根本上发生改变，后人类时代正在来临。关于基因，没有人比穆克吉医...','http://img3m5.ddimg.cn/45/35/25198515-1_w_5.jpg',0),(112,'100:青少年必读100部经典（清华附中校长王殿军、罗振宇，吴晓波推荐。通识教育的理想书单，涵盖孩子十二年成长历程 ）',12,40.00,0,'一位父亲给下一代的通识书单，涵盖从10岁到22岁，一个人从童年到青年，性格、人格养成的关键时期，尽收十二年成长阅读关键书目。汲取各界精英3000种推荐精华。全学科覆盖，让孩子扩大视野，提升品格。','http://img3m3.ddimg.cn/12/12/25190463-1_w_2.jpg',0),(113,'神秘日志精华版：魔法全书',9,69.00,0,'穿越魔法走向科学的魔法百科，大法师梅林亲授的24节魔法课','http://img3m0.ddimg.cn/43/34/25198810-1_w_2.jpg',0),(114,'我想一辈子都活在骄傲里（攻星记系列，准到骨子里，说到心坎上）',13,22.00,0,'有多骄傲，就有多孤独；在自己想通之前，世间毫无道理可言。能让你脱胎换骨的自愈自乐读本。卢思浩式的治愈、刘同式的指点。附赠专属卡片和作者写给狮子座的亲笔信。','http://img3m5.ddimg.cn/57/25/25206645-1_w_6.jpg',0),(115,'风筝',8,53.00,0,'','http://img3m3.ddimg.cn/71/35/25220123-1_w_3.jpg',0),(116,'浮生物语5上·西溟幽海',13,28.00,0,'（国内妖物志扛鼎之作《浮生物语》*篇，“我的命运，从不是用来顺服的。”一场阴谋重重的悬疑大戏，六段爱恨痴嗔的妖怪物语，随书附赠2枚主题红包！ ）','http://img3m2.ddimg.cn/27/33/25206912-1_w_4.jpg',0),(117,'中国传统节日故事（全八册）',9,46.00,0,'读节日故事，了解博大中华文化；听节日习俗，培养幸福生活的节奏与习惯。毛毛虫童书馆出品。','http://img3m8.ddimg.cn/41/10/25184948-1_w_3.jpg',0),(118,'知更鸟女孩4末日风暴（媲美《哈利·波特》《权力的游戏》的史诗经典系列。当死亡的末日风暴残酷来袭，谁的灵魂能够惊险逃脱？）',8,31.00,0,'（神秘暗号，蝎形文身，通过碰触即能置人于死地的十岁男孩，为爱欲而沉沦的疯狂少女……所有的一切都化为一个巨大而危险的旋涡，就像一场必将降临的末日风暴。）白马时光','http://img3m0.ddimg.cn/7/35/25206100-1_w_3.jpg',0),(119,'西藏生死恋（新版：补充了主人公后来的结局与生活）',13,27.00,0,'一想到你，就再无法爱别人，根据真实的人和事创作，打动阿来、韩寒、九夜茴、赵薇、姚晨，谢娜等多人的深情之作，曾引发全国140多家电台连锁播放的现象级作品。','http://img3m7.ddimg.cn/26/34/25185527-1_w_6.jpg',0),(120,'爱丽丝漫游奇境【作家榜经典出品】',9,70.00,0,'英国国宝级童书大师卡罗尔，经典代表作《爱丽丝漫游奇境》《爱丽丝与镜中世界》未删减典藏版！英国200家图书馆馆长联名推荐！国际插画师首次为中文版创作125页全彩插图！附赠4大张精美贴纸！','http://img3m2.ddimg.cn/68/10/25220912-1_w_2.jpg',0),(121,'哇！故宫的二十四节气·春',9,83.00,0,'这几百年的历史，揭开紫禁城的秘密……本书（6册），适合3-6岁亲子阅读，6岁以上儿童独立阅读。','http://img3m3.ddimg.cn/10/4/25217983-1_w_3.jpg',0),(122,'咔嚓！老田就爱高丽丽（相爱就是表面互相嫌弃，内心不离不弃！《人民日报》等争相转发的刷屏级漫画）',11,26.00,0,'相爱就是表面互相嫌弃，内心不离不弃！国民野生漫画家郊县天王老田新书。《人民日报》《扬子晚报》等重磅媒体争相转发的刷屏级漫画。“黑”老婆黑出新境界，画风幽默喜人不做作，同时戳中你的笑点和萌点。','http://img3m8.ddimg.cn/80/20/25205678-1_w_3.jpg',0),(123,'《HOW&WHY》美国经典少儿百科知识全书（第1、2合辑共13册，超值礼品装）',9,268.00,0,'入选新闻出版总署向青少年推荐100种图书，获评2015年全国优秀科普作品！美国中小学图书馆馆藏图书，获美国国家出版奖。影响美国多位领导人成长的永久财富！（阳光秀美童书馆出品 ）','http://img3m8.ddimg.cn/5/5/25168478-1_w_3.jpg',0),(124,'暗逻辑（张鸣教授2017年重磅新作，独家限量签名本先到先得！）',19,29.00,0,'（《重说中国近代史》作者张鸣先生全新力作，开讲中国历史背后隐含的暗逻辑。北大教授李零、《潜规则》作者吴思、著名学者易中天、《战天京》作者谭伯牛、《时间之书》作者余世存联袂推荐','http://img3m4.ddimg.cn/62/21/25200314-1_w_3.jpg',0),(125,'北野武的小酒馆',12,35.00,0,'日本殿堂级导演、毒舌北野武酒馆漫谈，词锋犀利、畅言无忌，从生死、教育、人际关系、规矩、电影五个方面，直指现代社会病灶，唤醒大众逆位思考','http://img3m8.ddimg.cn/23/27/25198988-1_w_3.jpg',0),(126,'碟形世界 青少年系列（1-6套装）（比《哈利·波特》和《魔戒》加起来还好看的，可能只有《碟形世界》）',9,193.00,0,'比《哈利·波特》和《魔戒》加起来还好看的，可能只有《碟形世界》！系列书囊括卡内基儿童文学奖、美国图书馆协会终身成就奖等多项儿童文学大奖，已被翻译成37种语言出版。魔法很强大，但你自己更强大。读客出品','http://img3m9.ddimg.cn/62/26/25201799-1_w_2.jpg',0),(127,'肯·福莱特悬疑经典：军方的怪物（全球读者平均1个通宵读完！）',8,55.00,0,'各国读者平均1个通宵读完！重磅畅销小说《巨人的陨落》作者肯·福莱特悬疑经典系列。只要你足够强大，别人的阴谋都是徒劳！ 读客出品','http://img3m5.ddimg.cn/58/0/25224565-1_w_3.jpg',0),(128,'逆境中觉醒:逆境是人间最好的道场，逆境是幸福的最佳友伴，逆境让你的灵魂深处觉醒（独家赠送加措活佛寄语书签）',21,28.00,0,'一切都是*好的安排作者加措活佛觉醒之路，当今时代颇具影响力的精神导师之一，索甲仁波切、楼宇烈教授作序推荐，苹果公司创始人沃兹·尼亚克、暮光之城导演卡瑟琳哈德威克、洪秀柱、英拉...','http://img3m2.ddimg.cn/76/20/25206862-1_w_3.jpg',0),(129,'长袜子皮皮（110周年全彩限量版）',9,49.00,0,'林格伦的作品被翻译成90多种语言在全世界各国出版，图书印数超过1.4亿册； 把这些书摞到一起有175个埃菲尔铁塔那么高，把它们排成行可以绕地球三周；此书为纪念伟大的童话外婆诞辰110周年','http://img3m4.ddimg.cn/83/13/25206374-1_w_6.jpg',0),(130,'为生命而阅读（不输《岛上书店》的初心与能量，口碑媲美《活出生命的意义》）',23,30.00,0,'一本关于如何阅读经典的读书指南。《书单》《出版人周刊》《纽约时报》推荐图书，继《生命*后的读书会》之后，施瓦尔贝又一口碑畅销佳作。26篇经典著作的超高水平解读，温暖文字让生命充...','http://img3m7.ddimg.cn/15/20/25199277-1_w_3.jpg',0),(131,'幸得诸君慰平生',12,42.00,0,'爱草木，恨流年，我对生活的偏狭认识——故园风雨前','http://img3m7.ddimg.cn/53/24/25225847-1_w_6.jpg',0),(132,'给青年的十二封信（教育部新编初中语文八年级教材指定阅读书目）',10,16.00,0,'教育部新编初中语文教材指定阅读 朱光潜赠予青年朋友的人生智慧书 附录朱光潜谈修养、谈文学等多篇精彩文章','http://img3m6.ddimg.cn/61/33/25218826-1_w_5.jpg',0),(133,'吃的误区（《养生堂》诚意推荐，扫清餐桌误区！）',14,31.00,0,'北京协和医院营养科于康教授25年膳食营养经验全总结，教你避开90%的家庭餐桌上都存在的饮食误区，《养生堂》节目重磅推荐！一本书解决全家老小的三餐问题！','http://img3m5.ddimg.cn/29/29/25208795-1_w_6.jpg',0),(134,'刷新：重新发现商业与未来',7,43.00,0,'微软CEO萨提亚·纳德拉重磅作品，坦陈自己对微软的灵魂重塑！新技术驱动商业变革，价值才是企业未来的生命线！比尔·盖茨、钱颖一、沈向洋作序推荐！）','http://img3m8.ddimg.cn/73/23/25204978-1_w_3.jpg',0),(135,'五代十国：最乱的乱世',19,29.00,0,'当年明月畅销经典后，又一趣说正史巨作。天涯5200000名网友追读！《时间之书》余世存、《鬼谷子的局》寒川子、月关推荐！一部有温度的历史，细说大唐帝国的崩溃和军阀崛起！比《半小时漫...','http://img3m5.ddimg.cn/0/13/25197975-1_w_7.jpg',0),(136,'一卷大唐的风华 （白落梅2018年全新作品，解读唐诗的唯美佳作）',12,26.00,0,'2018年全新作品，百万畅销书作者白落梅解读唐诗的唯美佳作，《一剪宋朝的时光》姊妹篇。宋词之美，美在清丽淡雅，婉约多情；唐诗之美，则美在潇洒奔放，端然大气。随书附赠唯美古风《落梅诗笺》和精美书签。','http://img3m0.ddimg.cn/15/9/25196010-1_w_3.jpg',0),(137,'多少黑名单 曾互道晚安',12,34.00,0,'《半世夫妻三生情》《你以为上个床能咋的》等热文原创作者风茕子全新情感故事集！写男欢女爱，阅冷暖人生。十点读书、HUGO、慈怀读书、任志强、六六、刘春等大V纷纷转发，强烈推荐！','http://img3m2.ddimg.cn/69/35/25217052-1_w_3.jpg',0),(138,'梁衡：把栏杆拍遍（新版）',10,28.00,0,'2017年新版 《把栏杆拍遍》 50位全国语文特级教师及20家文学和教育类的报刊总编试读并推荐 由天津市语文特级教师陈秀征点评 剖析写作技巧  提高阅读水平','http://img3m6.ddimg.cn/12/36/25215906-1_w_3.jpg',0),(139,'少有人走的路(全4册) 全新整理版',6,103.00,0,'含斯科特?派克的新作','http://img3m7.ddimg.cn/66/28/25186557-1_w_3.jpg',0),(140,'红楼探玉',12,31.00,0,'金融学者王一跨界解读《红楼梦》向主流红学界发起挑战！','http://img3m6.ddimg.cn/87/32/25214496-1_w_5.jpg',0),(141,'鹅鹅鹅',12,32.00,0,'借山而居背后，是每个人的田园梦。现象级图书《借山而居》作者全新作品，新隐居时代的美学经典。诗人、画家二冬在终南山上，实现“诗意栖居”后的生活新变化。随书附赠山中四季12个月精美摄影拉页。','http://img3m7.ddimg.cn/43/29/25211977-1_w_3.jpg',0),(142,'意林合订本2017年春夏秋冬套装（升级版）',6,77.00,0,'随书附赠：明星海报','http://img3m7.ddimg.cn/62/29/25199027-1_w_3.jpg',0),(143,'变革（法国总统马克龙亲笔自传）',22,41.00,0,'畅谈治国理念 记录传奇人生','http://img3m8.ddimg.cn/45/10/25213068-1_w_3.jpg',0),(144,'高老头（精装版 傅雷译作）',10,22.00,0,'巴尔扎克伟大的悲剧小说，《人间喜剧》的“序幕”，教育部语文新课标文学经典，高清原版插图，法文翻译大家傅雷译作代表，110周年纪念精装珍藏版！','http://img3m2.ddimg.cn/73/33/25200622-1_w_3.jpg',0),(145,'历史的温度1+2（套装2册）',19,73.00,0,'六神磊磊、罗振宇、马勇、徐达内、严锋、张伟等力荐。历史书上的一段话、一个名字甚至一张图，它们的背后到底隐藏了什么？一个个有温度的故事，一个个有血有肉的真实的人，读一点故事，长...','http://img3m2.ddimg.cn/64/17/25220512-1_w_3.jpg',0),(146,'苏东坡传（林语堂精装2018版）',22,39.00,0,'工程师、瑜伽术修炼者、皇帝的秘书、慈悲的法官……  一部用诗词书画讲述坎坷仕途的经典传记','http://img3m8.ddimg.cn/40/0/25211578-1_w_3.jpg',0),(147,'孤独远行（刘同、反裤衩阵地推荐的生活方式）',12,40.00,0,'旅行生活美学家阿Sam全新精装作品集，冰岛、帕劳、印度、英国爱丁堡，文艺生活行间笔记。我在这个世界中慢慢行走，我看见有些人孤独得很明显。','http://img3m0.ddimg.cn/82/22/25205680-1_w_10.jpg',0),(148,'诗酒趁年华（郦波亲笔签名本）',18,25.00,0,'','http://img3m7.ddimg.cn/89/18/25198757-1_w_6.jpg',0),(149,'掌控大趋势：如何正确认识、掌控这个变化的世界',24,37.00,0,'享誉全球的未来预测大师、千万级畅销书作者奈斯比特，精炼60年趋势研究成果，带来关于21世纪的终极预测！超越你的思维极限，让你对未来不再有盲点','http://img3m9.ddimg.cn/96/18/25189359-1_w_3.jpg',0),(150,'陪孩子度过生命第一个三年——心理学家向日葵爸爸的42堂私房育儿课（0～3岁婴幼期）',3,35.00,0,'好妈妈胜过好老师 家庭教育是人生整个教育的基础和起点 幼儿教育在人的一生中起着奠基的作用 捕捉儿童敏感期 正面管教 善解童贞','http://img3m8.ddimg.cn/96/24/25224108-1_w_9.jpg',0),(151,'帕瓦娜的守候 2018年新版',9,19.00,0,'（令整个世界潸然泪下的阿富汗小说，加拿大年度畅销冠军。毕淑敏、陈幸蕙感佩推荐。奥斯卡*动画片奖提名导演执导，长篇动画故事片即将上映。赠送异域风情书签两枚，*发，皆有惊喜。双螺旋文化）','http://img3m2.ddimg.cn/41/28/25212272-1_w_3.jpg',0),(152,'勇气',9,27.00,0,'全国10佳童书，教孩子用源源勇气面对下一刻！——爱心树童书','http://img3m3.ddimg.cn/67/18/25197943-1_w_1.jpg',0),(153,'神笔马良（新课标，2018年注释升级版）',10,15.00,0,'享誉世界的经典童话，与叶圣陶等齐名的 “中国童话十家”之一洪汛涛的代表作，生动幽默&充满童趣&极具民族特色','http://img3m2.ddimg.cn/71/28/25203392-1_w_1.jpg',0),(154,'这样读书就够了',6,30.00,0,'影响百万人的拆书帮创始人赵周教你升级个人学习力，把知识拆为己用；采铜、林少、肖知兴、黄有璨、姬十三、吴晓波联袂推荐；腾讯、阿里巴巴、小米、招商银行、银联、顺丰、广东移动等企业认可的学习策略','http://img3m6.ddimg.cn/29/7/25183946-1_w_9.jpg',0),(155,'热爱生命（杰克·伦敦小说精选，百年励志经典，西南联大翻译家雨宁匠心之作）',8,13.00,0,'失去一切，仍然坚持——活下来，经历残酷的生命考验，这是人生*宝贵的财富，即使一无所有。高尔基等多国名人推荐的生命赞歌，豆瓣评分9.0','http://img3m5.ddimg.cn/35/17/25203455-1_w_1.jpg',0),(156,'纸上动物园：大英图书馆500年动物图志',25,121.00,0,'当当独家首发 一生只珍藏一本的科普书，科学性和艺术性的完美结合 与《发现之旅》《神秘动物图鉴》齐名的自然艺术奇书，视觉上的一次豪餐盛宴！ ！超大开本、全彩精装，超值赠送牛皮档案袋+10张动物之美明信片','http://img3m7.ddimg.cn/48/25/25194657-1_w_3.jpg',0),(157,'像世界一样宽广地活',12,35.00,0,'','http://img3m7.ddimg.cn/11/24/25223627-1_w_3.jpg',0),(158,'父母的教养，孩子的成长——心理专家向日葵爸爸的36堂私房育儿课（3～7岁儿童期）',3,32.00,0,'好妈妈胜过好老师 家庭教育是人生整个教育的基础和起点 儿童教育在人的一生中起着奠基的作用 捕捉儿童敏感期 正面管教 善解童贞','http://img3m9.ddimg.cn/97/25/25224109-1_w_8.jpg',0),(159,'约翰?克利斯朵夫：全三册（精装版 傅雷译作）',10,78.00,0,'诺贝尔文学获奖作品，央视“朗读者”首期开读书目，百万青年的励志指南，国家教育部语文新课标文学经典，翻译界拔地而起的一座丰碑。','http://img3m0.ddimg.cn/61/12/25201600-1_w_3.jpg',0),(160,'读给孩子的中国古诗词 赠生肖飞花令书签',10,89.00,0,'用古诗词喂大的孩子 人生必定不会平庸 注音美绘本 套装4册难度递进 收录中国诗词大会266首经典名诗  扫书中二维码免费享喜马拉雅音频诵读 中国成语大会评委、百家讲坛韩田鹿 给孩子读诗','http://img3m4.ddimg.cn/55/6/25201594-1_w_3.jpg',0),(161,'我只向美好的事物低头',12,43.00,0,'雪小禅年度*原创随笔集，重新定义中国式的理想生活；好花好茶好酒，读书，写作，旅行，惜时如金；特别收录一段从未曝光、闻者无不泪下的传奇之恋。有些人的爱情一生只有一次，从此之后，遇到的每个人都是在寻你','http://img3m2.ddimg.cn/62/6/25199522-1_w_3.jpg',0),(162,'百年童话绘本·精装礼盒版',9,622.00,0,'《百年童话绘本》精装升级版！故事囊括格林、安徒生、伊索等，插画获意大利国际童书展插画奖；彭懿主编，小雨姐姐朗读故事+莫扎特、巴赫等7位音乐家的经典音乐配乐（3-6岁，小当当出品）','http://img3m7.ddimg.cn/35/32/25204247-1_w_4.jpg',0),(163,'红楼梦里人（精装版，亦舒独家指定授权，亦舒小说系列）',8,21.00,0,'亦舒经典散文作品。每一个成长中的女子都该读一读。其与倪匡、金庸并称“香港文坛三大奇迹”，影响了半个世纪以来的城市女性。金庸、林夕、蔡澜、张国荣推崇备至的女作家。“拿到手里就放不下来，非一口气读完不可！','http://img3m7.ddimg.cn/41/4/25208807-1_w_2.jpg',0),(164,'13次时空穿梭之旅',25,40.00,0,'囊括了世界范围内久负盛名的科学家们对宇宙时空的探索和前沿科学发现，配合来自NASA及科学家亲手绘制的科学原理图。英国皇家科学院年度新作，欧洲现象级科普读物。英国几乎人手一册的科普读物！','http://img3m4.ddimg.cn/38/1/25208804-1_w_2.jpg',0),(165,'可怕的两岁',3,30.00,0,'张思莱教授倾情推荐！好性格是从可怕的两岁培养起来的，真正的育儿也是从两岁开始的！美国家庭心理学家写给家长的两岁孩子正面管教圣经，帮家长解答Terrible Two的由来，理解两岁孩子的天性，全面解决两','http://img3m7.ddimg.cn/3/24/25204017-1_w_4.jpg',0),(166,'知日·世上只有一个京都！',18,47.00,0,'千年古都的案内手帖！','http://img3m1.ddimg.cn/24/3/25224531-1_w_2.jpg',0),(167,'金沙古卷4·伏羲秘卦',8,26.00,0,'(《盗墓笔记》之后，值得期待的悬疑小说。 《金沙古卷》翻至末页，诡谲之旅尽头的悬念即将揭晓。)','http://img3m9.ddimg.cn/23/34/25215719-1_w_3.jpg',0),(168,'只管去做：让你迅速实现增值的目标管理法',6,29.00,0,'你不是忙，你只是不懂目标管理！经300,000人学习验证的超级规划课，罗辑思维、新精英生涯特聘讲师、12年时间管理实战专家邹小强积淀之作，古典、成甲、秋叶、彭小六激赏推荐！','http://img3m2.ddimg.cn/65/20/25202792-1_w_2.jpg',0),(169,'见识 吴军 首部认知升级类著作',7,36.00,0,'国家文津图书奖得主、硅谷投资人吴军博士首部认知升级类著作；百万册畅销书《浪潮之巅》《智能时代》之后的力作；你一生能走多远，取决于见识。','http://img3m3.ddimg.cn/20/24/25220963-1_w_2.jpg',0),(170,'年糕妈妈辅食日志（专为6个月-2岁宝宝打造的科学辅食宝典）',27,48.00,0,'“年糕妈妈”公号创始人、浙江大学医学硕士李丹阳教你按月龄精准添加辅食、做好每周喂养计划。九大功能性食谱、108道营养辅食、200张高清食物图，让你不再为宝宝吃什么、怎么吃而发愁。粥悦悦、李治中诚意推荐','http://img3m7.ddimg.cn/53/29/25209017-1_w_5.jpg',0),(171,'信谊世界精选图画书?蚯蚓的日记',9,29.00,0,'','http://img3m2.ddimg.cn/62/13/25227242-1_w_3.jpg',0),(172,'晓松奇谈4册套装（世界卷+人文卷+情怀卷+命运卷）',19,124.00,0,'世界不是苟且，世界是远方，行万里路才能回到内心深处。 高晓松*受欢迎脱口秀《晓松奇谈》未删减版完整收录 跟高晓松一起——奇闻说今古，谈笑有鸿儒！','http://img3m9.ddimg.cn/47/6/25200299-1_w_3.jpg',0),(173,'远见：如何规划职业生涯3大阶段',7,52.00,0,'来自奥美互动全球首席执行官30余年的职场洞察 3大职场燃料，4大黄金问题，5个关键数字，100小时测试 带你用远见思维规划职业生涯的三大阶段 杨石头、姚劲波、傅盛、刘惠璞等激赏推荐！','http://img3m3.ddimg.cn/30/21/25206123-1_w_3.jpg',0),(174,'新100个基本：自我更新指南',6,37.00,0,'《100个基本》飞跃升级第二季。 面对日日的变化与挑战，松浦重新思考什么才是工作的基本、生活的基本。 利用基本，更新自我，每个人都可以活成自己所希望的样子','http://img3m2.ddimg.cn/31/1/25181572-1_w_3.jpg',0),(175,'非人哉3（独家亲笔签名+新年大礼包，内含“福”字+经典角色朋友圈卡片4张+海报）',11,35.00,0,'神仙妖怪在现代生活的爆笑日常！第三弹爆笑来袭！白茶、幽·灵、使徒子诚意推荐！全网点击量逾20亿的超人气搞笑四格漫画，脑洞大开，笑点密集，萌点爆棚。动画番剧定档2018年春季！','http://img3m4.ddimg.cn/48/32/25218714-1_w_2.jpg',0),(176,'时间潜行者（这一生只有爱你的时间里是活着的。）',13,26.00,0,'一部关于时间、救赎、拷问人性的小说，一段在时间里走散又邂逅的爱情故事','http://img3m7.ddimg.cn/7/24/25195507-1_w_1.jpg',0),(177,'思维方式',7,28.00,0,'《思维方式》是继销量突破260万、畅销12年的《活法》之后，又一重磅力作。稻盛先生在《活法》中说“思维方式决定人生方向”，“是成功方程式的核心要素”。','http://img3m6.ddimg.cn/3/4/25209066-1_w_5.jpg',0),(178,'交际的艺术',6,35.00,0,'社交媒体时代《人性的弱点》《纽约时报》畅销书作者ZUI新作品，全美影响仅次于《人性弱点》的交际类图书，11种塑造有效人脉的处事技巧，53个简单易学的实用办法，听说读写多维度提高社交能力。','http://img3m5.ddimg.cn/11/4/25203035-1_w_1.jpg',0),(179,'儿童社交的爱与痛（套装全2册）',3,60.00,0,'从学龄前到青春期，帮孩子在复杂的社交海洋中顺利航行。《纽约时报》畅销书作者汤普森等专家共同为你解读儿童社交生活。尹建莉倾情作序，众多专家鼎力推荐！','http://img3m6.ddimg.cn/48/21/25189806-1_w_7.jpg',0),(180,'老子之道（当当独家附赠《道德经》原文小册子，数量有限，先到先得）',21,39.00,0,'白云先生全新解读《道德经》 原古圣之道，通天人之际，达万物之理，济方今之世','http://img3m8.ddimg.cn/88/14/25201528-1_w_2.jpg',0),(181,'狗年的礼物（生肖贺岁限量套装）',9,93.00,0,'狗年生肖贺岁套装，精装限量版，送给所有属狗、猴、龙的大小朋友。著名剪纸艺术家、中国邮政生肖邮票设计者于平、任凭，用剪纸诠释生肖文化，每年一本，长达十一年倾情献礼，浸润孩子的中国根。（步印童书馆出品）','http://img3m8.ddimg.cn/35/1/25217018-1_w_3.jpg',0),(182,'50：伟大的短篇小说们（37位文学巨匠，50篇必读经典，名家名作典藏版。31位权威译者齐齐献力，忠于原著，语言简洁精炼）',8,36.00,0,'','http://img3m1.ddimg.cn/23/18/25203641-1_w_3.jpg',0),(183,'鱼河岸小店',8,32.00,0,'日本亚马逊近五星好评，出版后加印10次！直木赏获奖作家西加奈子倾情之作！你以为的失败人生，也许正是别人努力活着的结果。','http://img3m1.ddimg.cn/16/10/25196011-1_w_2.jpg',0),(184,'纳博科夫短篇小说全集（纳博科夫作品系列）',8,77.00,0,'“这些短篇小说是英语文学的奇迹。”纳博科夫短篇小说，国内首次完整结集，炉火纯青的小说技法+幽暗跌宕的现世寓言+萦绕一生的命运主题，他捕捉世界瞬息万变的光影，在这个时代无人能及','http://img3m3.ddimg.cn/74/1/25216463-1_w_4.jpg',0),(185,'似曾识我（独家签名版）',13,26.00,0,'华语言情作家梅子黄时雨泣心虐恋之作：这个世界上，很多人爱无数次，爱无数个人。但也有的人，一辈子只爱一次，只把爱给一个人。','http://img3m0.ddimg.cn/73/28/25202800-1_w_4.jpg',0),(186,'正见（李连杰、胡因梦作序推荐，全新修订精装典藏）',21,33.00,0,'李连杰、胡因梦作序推荐，全新修订精装典藏','http://img3m8.ddimg.cn/60/33/25153188-1_w_11.jpg',0),(187,'开心过大年（过年啦，让孩子爱上欢乐中国年，爱上中国传统文化！中国年俗互动立体书，内含43个活动部件，16个揭秘机关，巧妙展示中国年俗的魅力！）',9,97.00,0,'意大利博洛尼亚国际插画展获奖画家、资深早期阅读专家、资深儿童教育工作者联袂推荐！有一种中国人特有的幸福叫做——开心过大年！','http://img3m2.ddimg.cn/29/12/25211072-1_w_3.jpg',0),(188,'房地产开发企业税收与会计实务大全',24,103.00,0,'【全流程  全业务  全税种】营改增后：国家法规+各地政策；153个实操案例示范；清晰完整的会计处理；124个实务问题解答；71个贴心友情提示；13个深度学习思考','http://img3m4.ddimg.cn/36/25/25216524-1_w_3.jpg',0),(189,'清醒纪（2018全新修订版）',12,34.00,0,'我们都曾盲目又清醒地深爱着 。庆山重要散文作品，2018年修订版全新上市。','http://img3m2.ddimg.cn/47/29/25221782-1_w_3.jpg',0),(190,'万物有灵：诗经里的草木鸟兽鱼虫 附赠六幅特别定制的 “岁月静好”精美装帧画',12,46.00,0,'196幅彩色手绘原稿，130首千年诗经篇目，215种名物简要注释，310分钟喜马拉雅FM人气主播白云出岫讲解《诗经》原文；全面解读《诗经》动植物的国民读本；附赠六幅精美：“岁月静好“装帧画','http://img3m9.ddimg.cn/90/6/25209549-1_w_4.jpg',0),(191,'男孩的冒险书（新全彩典藏版）',9,55.00,0,'（入选《人民日报》推荐给小学生的寒假必备书单。连续三个月《纽约时报》排行榜冠军！畅销35国，全球销售量500万册。2006年英国国家图书奖，《时代周刊》鼎力推荐！）（阳光秀美童书馆出品 ）','http://img3m6.ddimg.cn/16/34/25162846-1_w_3.jpg',0),(192,'你好像一只刺猬，可我好想抱抱你',13,27.00,0,'（简书、微博、今日头条等平台高赞作者，《你刚好丑成我喜欢的样子》姊妹篇，“南有”式情话，说给在城市中孤单漂泊的旅人。）','http://img3m5.ddimg.cn/93/36/25210245-1_w_5.jpg',0),(193,'淡定，这里是三国（雾满拦江潜心十年力作，当当独家赠送漫画明信片套组）',19,31.00,0,'百万畅销书作家、幽默写史领军人物、《我不过低配的人生》作者雾满拦江重磅作品。 爆笑背后揭秘真相，幽默风趣去伪存真！','http://img3m8.ddimg.cn/71/35/25201808-1_w_2.jpg',0),(194,'对白：文字、舞台、银幕的言语行为艺术（所有对白都带着目的。“好莱坞编剧教父”罗伯特麦基时隔二十年再创经典）',26,51.00,0,'横跨四个领域，为影视、戏剧、小说的对白编写甚至日常生活的对话解读搭建出新的理论高度。其学员超过10万，60人获奥斯卡金像奖，200人获艾美奖，100人获编剧工会奖，50人获美国导演协会奖。果麦出品','http://img3m4.ddimg.cn/83/4/25207364-1_w_2.jpg',0),(195,'打动孩子心灵的世界经典童话—青鸟（美绘版）',9,18.00,0,'一流译者翻译，全彩大16开美绘本，字大图多，超值阅读体验','http://img3m4.ddimg.cn/98/22/25200944-1_w_4.jpg',0),(196,'你的骄傲（全能女学霸pk电竞万人迷 让我们并肩开辟王者道路！）',13,21.00,0,'言情小甜后一世安全新力作，不一样的校园恋爱，全新的热血题材，等你来开启！','http://img3m3.ddimg.cn/22/20/25219183-1_w_2.jpg',0),(197,'我是未来——尼古拉·特斯拉传',22,40.00,0,'想彻底搞懂特斯拉的传奇一生，这一本书就够了！','http://img3m3.ddimg.cn/53/20/25217333-1_w_3.jpg',0),(198,'万物简史（彩图珍藏版）',9,182.00,0,'','http://img3m5.ddimg.cn/78/5/25201815-1_w_3.jpg',0),(199,'极简思考: 来自世界顶尖咨询公司的高效工作法',6,29.00,0,'你越擅长简化信息，你的想法就越有可能得到支持。知乎时间管理优秀回答者战隼推荐，拆书帮创始人、《这样读书就够了》作者赵周推荐。','http://img3m1.ddimg.cn/73/9/25226461-1_w_4.jpg',0),(200,'贸易打造的世界 : 1400年至今的社会、文化与世界经济',19,57.00,0,'（热销17年，何帆等国内知名经济学家、Fortune、Talents等十数家媒体一致推荐；彭慕兰、史蒂文·托皮克30年研究精髓，纵跨600年，83篇小史倾情书写。）','http://img3m7.ddimg.cn/17/21/25217297-1_w_3.jpg',0),(201,'顾中一：我们就该这样吃',14,35.00,0,'高圆圆诚意推荐！继畅销书《顾中一说：我们到底应该怎么吃？》后，顾中一集合三年营养学前沿新知，写给中国家庭的日常营养枕边书！于康、范志红、姬十三、初洋、菠萝专业推荐！','http://img3m4.ddimg.cn/47/4/25210694-1_w_3.jpg',0),(202,'高难度沟通（麻省理工高人气沟通课）',6,32.00,0,'春节不打烊，购书享当当。麻省理工高人气沟通课！拜伦教育基金潜心15年研究成果！没有解决不了的事，只有不会沟通的人！8种思考路径、31个实战练习、4步帮读者打破沟通僵局，从现在开始，成为沟通高手。','http://img3m2.ddimg.cn/41/9/25210292-1_w_3.jpg',0),(203,'生活，总会给你答案',12,42.00,0,'全彩双封珍藏版，自由生活美学践行者、千万粉丝知名博主七月娃娃三年全新力作，明媚清澈','http://img3m9.ddimg.cn/63/6/25202889-1_w_1.jpg',0),(204,'何处暖阳不倾城',8,42.00,0,'超人气作家北倾甜蜜暖文代表作，赠送七个番外。爱情空缺的时候，需要等待。我等了很久，不将就，不虚华，不浮躁，所以等来了恰好年华的我的男朋友。','http://img3m0.ddimg.cn/46/25/25220890-1_w_3.jpg',0),(205,'正向沟通：非暴力人际沟通技巧',6,26.00,0,'美国杰出的商务沟通培训师、人际沟通导师，有着二十余年商务、人际沟通培训经验和扎实的理论基础的芭芭拉·派崔特，教你如何在不同的场所中不动声色地化解冲突，实现顺畅沟通。','http://img3m2.ddimg.cn/77/27/25204982-1_w_3.jpg',0),(206,'局外人·鼠疫（局外人又译为“异乡人”。著名翻译家李玉民翻译，拓展性注释，阅读不卡顿）',8,16.00,0,'一个存在主义者对世界荒诞性的透视，完整收录“荒诞派”文学大师、1957年诺贝尔文学奖获奖者加缪的经典之作。','http://img3m7.ddimg.cn/13/6/25203037-1_w_1.jpg',0),(207,'人类群星闪耀时（《一个陌生女人的来信》作者茨威格的传记杰作，14位时代英雄，14个人类命运攸关的历史时刻。无删减全译本）',22,19.00,0,'14个人类历史关键时刻的选择与命运，一瞬间的选择，却是人类命运的转变。高晓松力荐，豆瓣9.0分','http://img3m5.ddimg.cn/97/21/25215595-1_w_1.jpg',0),(208,'通往幸福的教育（亲笔签名版，附赠三川玲女儿小丸子绘制的藏书票）',3,42.00,0,'每个家庭都可以采纳，每个孩子都可以受益。“童书妈妈三川玲”多年探索，深度呈现中国家长*关心的100 个问题的精粹。献给所有有终身学习态度的父母。','http://img3m5.ddimg.cn/16/34/25210465-1_w_8.jpg',0),(209,'情商',6,26.00,0,'智商决定起点，情商决定终点；《哈佛凌晨四点半》作家让世界数百万人获得全新思维、改变人生格局的奇书；拿破仑 乔布斯 卡耐基 赫本 曾国藩 李嘉诚 马云，全球成功人士都具备的情商艺术。','http://img3m3.ddimg.cn/85/25/25205683-1_w_5.jpg',0),(210,'格林文集：一个被出卖的杀手（精装典藏版）（21次诺贝尔文学奖提名的传奇大师）',8,43.00,0,'马尔克斯、福克纳推崇备至的大师级作家。格雷厄姆格林公认的代表作。历史百大悬疑小说。这本书讲述了一个不断遭到出卖的人，渴望得到他人爱和信任的故事。我多希望能够完全地、彻底地信任你。读客出品','http://img3m6.ddimg.cn/0/17/25202826-1_w_1.jpg',0),(211,'疯狂的土豆—小熊独立日',9,17.00,0,'','http://img3m9.ddimg.cn/8/30/25204319-1_w_1.jpg',0),(212,'盗火：硅谷、海豹突击队和疯狂科学家如何变革我们的工作和生活',7,44.00,0,'心流基因组创始人成功猎取人类心智加速器的秘密，一种令人兴奋的技术到底是启蒙之光？还是潘多拉魔盒？知名大V万维钢亲自作序，得到“精英日课”连续解读，喜马拉雅“书腾鉴书”项目主讲人推荐阅读','http://img3m1.ddimg.cn/31/21/25198501-1_w_11.jpg',0),(213,'孤独是一朵莲花（林语堂、沈从文推崇备至！孤独大师郁达夫道破天机，孤独才是人生，独处激发成长！）【作家榜出品】',12,34.00,0,'孤独大师郁达夫经典散文集，温暖千万个孤独的灵魂，孤独的自己更强大！“人人皆可从他作品中，发现自己的模样。”——沈从文。作家榜《小王子》《父与子》《月亮与六便士》同步热卖！','http://img3m6.ddimg.cn/72/0/25202106-1_w_5.jpg',0),(214,'余生有你才安好（套装）',13,28.00,0,'','http://img3m4.ddimg.cn/15/26/25219374-1_w_3.jpg',0),(215,'一年级的小蜜瓜（百万纪念版）',9,25.00,0,'','http://img3m3.ddimg.cn/29/3/25201073-1_w_1.jpg',0),(216,'草原上的小木屋（中小学新课标必读名著）',10,19.00,0,'','http://img3m3.ddimg.cn/43/10/25217323-1_w_2.jpg',0),(217,'职商:工作不养闲人，团队不要懒人（团购，请致电010-57993149）',6,25.00,0,'贫穷限制了你的想象，格局决定了你的未来！提升情商、改变格局、职场成长、自我精进！让你成功掌控自己的时间和生活，彻底完成蜕变！剑圣喵大师 倾情推荐！','http://img3m5.ddimg.cn/95/32/25208465-1_w_7.jpg',0),(218,'这世界从未与你相配过（攻星记系列，准到骨子里，说到心坎上）',13,22.00,0,'一点就着，一哄就好。害怕被人看穿，又害怕不被理解。心里话常常是：不要装得跟我很熟。能让你脱胎换骨的自愈自乐读本。卢思浩式的治愈、刘同式的指点。附赠专属卡片和作者写给处女座的亲笔信。','http://img3m6.ddimg.cn/58/26/25206646-1_w_6.jpg',0),(219,'肯·福莱特悬疑经典：燃烧的密码（全球读者平均1个通宵读完！）',8,40.00,0,'各国读者平均1个通宵读完！爱伦坡终身大师奖得主肯福莱特经典悬疑小说，充满血腥与阴谋、欲望与爱情。我们穷尽一生追求的，不是征服世界，而是征服自己。读客出品','http://img3m1.ddimg.cn/0/12/25201341-1_w_3.jpg',0),(220,'活下去的理由',17,28.00,0,'这是一本用痛苦写就，却能让人走出痛苦的书 新锐小说家马特·海格以文学手法剖白自身心理困境， 再现一段克服绝望、走出抑郁的生命之旅','http://img3m4.ddimg.cn/89/30/25205984-1_w_3.jpg',0),(221,'反脆弱：做一个内心强大的人（杀不死我的，只会让我更坚强！知名心理学家海蓝博士、李雪、曾奇峰、柏燕谊、风墟等联袂奉献）',17,34.00,0,'26位知名心理学家与互联网ZUI大心理学平台壹心理强强联合出品。直戳职场关系、亲密关系、家庭关系等人生各种关系中的痛点，教你从脆弱的心态、思维习惯、行为模式中快速走出，蜕变成具有...','http://img3m3.ddimg.cn/22/7/25204333-1_w_3.jpg',0),(222,'大唐魔盗团  作者亲笔签名本',8,27.00,0,'杨紫 欧豪 张亮 曾黎等数十位明星，齐贺新书上市！中国内地著名鬼才导演、编剧、制片人，想入非非影业创始人罐头燃情力作! 玄幻的脑洞大开，喜剧的幽默诙谐，侠盗的英雄热血! 儒意欣欣','http://img3m9.ddimg.cn/40/23/25218409-1_w_2.jpg',0),(223,'贾想II：贾樟柯电影手记2008—2016',26,36.00,0,'“不一样的动物”贾樟柯近十年电影生涯回顾和反思   读者期盼已久的第二部电影手记+自序 拿起摄影机拍摄这颠覆坍塌变化的时代，用电影面对所有那些不可回避的艰难时刻','http://img3m6.ddimg.cn/59/34/25208726-1_w_3.jpg',0),(224,'你虽柔软，却有力量（攻星记系列，准到骨子里，说到心坎上）',13,22.00,0,'脾气好得没有底线，一旦炸了也是威力无边。*会照顾别人，*会为难自己。能让你脱胎换骨的自愈自乐读本。卢思浩式的治愈、刘同式的指点。附赠专属卡片和作者写给巨蟹座的亲笔信。','http://img3m4.ddimg.cn/56/24/25206644-1_w_6.jpg',0),(225,'骆驼祥子 海底两万里 精装套装共2册 七年级下推荐必读名著',10,51.00,0,'百年商务 品质保证；著名翻译家团队；优质纸张、环保印刷；是一套值得收藏的名著经典。','http://img3m3.ddimg.cn/4/30/25205503-1_w_3.jpg',0),(226,'肯·福莱特悬疑经典：飞剪号奇航（全球读者平均1个通宵读完！）',8,50.00,0,'各国读者平均1个通宵读完！爱伦·坡终身大师奖得主肯·福莱特经典悬疑小说。33小时的致命旅程，19个人的绝境求生，紧张地让人头皮发麻！不要害怕改变，去折腾，去受伤，去热烈地生活！ 读客出品','http://img3m9.ddimg.cn/81/30/25204689-1_w_3.jpg',0),(227,'人生拼图版',8,51.00,0,'一部诞生于四十年前的法国却精准诠释当代世界的预言之作！出版四十周年全新修订中文版；写出这个时代允许写出的一切，覆盖这个时代所有的文学；与作者同列“法兰西三星”的作家是2008年和2014年诺贝尔文学奖','http://img3m7.ddimg.cn/5/20/25202237-1_w_2.jpg',0),(228,'一年级的小豌豆（百万纪念版）',9,24.00,0,'','http://img3m0.ddimg.cn/26/0/25201070-1_w_1.jpg',0),(229,'中国古典文学名著—西游记(上、下卷美绘版)',9,50.00,0,'','http://img3m9.ddimg.cn/4/27/25200949-1_w_5.jpg',0),(230,'黑暗的左手三部曲（套装全3册）（不愧是世界幻想文坛的传奇女王！）',8,93.00,0,'6次雨果奖、6次星云奖、21次轨迹奖、美国国家图书奖、世界奇幻奖、美国科幻奇幻作家协会大师称号、作家与艺术家中的“在世传奇”“奇幻小说三巨头”之一。在宇宙尽头的陌生人身上，看到了另一个自己。读客出品','http://img3m2.ddimg.cn/64/12/25200712-1_w_3.jpg',0),(231,'读库1801',18,22.00,0,'“摆事实不讲道理”是《读库》的编辑方针,强调非学术，非虚构，追求趣味和品味的结合，探究人与事、细节与谈资，不探讨学术问题，不发表文学作品，所选书评影评等文体则强调趣味性','http://img3m5.ddimg.cn/70/34/25223785-1_w_3.jpg',0),(232,'李敖自传',22,61.00,0,'','http://img3m2.ddimg.cn/82/2/25214392-1_w_1.jpg',0),(233,'萨拉马戈：失明症漫记',8,46.00,0,'诺贝尔文学奖得主萨拉马戈代表作，入选诺贝尔学院“所有时代百部文学佳作”。“这个世界太糟糕了，几乎所有人都在理智上成了盲人，因为我们越来越不愿睁眼去看世界。”','http://img3m2.ddimg.cn/58/34/25209022-1_w_3.jpg',0),(234,'你若盛开 清风自来 套装共4册 那时花开系列',6,19.00,0,'2018开年暖心力作，当你走过风雨，踏遍坎坷，看过无数个日出夕阳，潮起潮落，终于明白这世间强大的力量不是他人的肯定，而是自己内心的平静安然。愿你，努力在每一个日子里盛开，看岁月静好，享清风徐徐','http://img3m2.ddimg.cn/69/27/25222002-1_w_3.jpg',0),(235,'笑起来像个孩子，冷起来是个迷（攻星记系列，准到骨子里，说到心坎上）',13,22.00,0,'恩怨分明，爱憎分明；典型的精神洁癖，感性远大于理性。能让你脱胎换骨的自愈自乐读本。卢思浩式的治愈、刘同式的指点。附赠专属卡片和作者写给天蝎座的亲笔信。','http://img3m5.ddimg.cn/28/21/25206715-1_w_6.jpg',0),(236,'蔓蔓征途（签名版） 薇拉',13,25.00,0,'2000限量版签名版！《月光航线》作者薇拉暖甜新作——一场好玩的恋爱！','http://img3m2.ddimg.cn/53/22/25199612-1_w_5.jpg',0),(237,'妈妈，他们欺负我—帮助孩子解决社交难题',3,26.00,0,'40+让父母老师备受困扰的儿童社交难题，《纽约时报》畅销书作者汤普森、《游戏力》作者科恩等专家共同为你答疑解惑！','http://img3m7.ddimg.cn/49/22/25189807-1_w_6.jpg',0),(238,'人生很短，做一个有趣的人（汪曾祺散文精选集）',12,34.00,0,'汪曾祺*散文精选集，20周年精装典藏本。有情、有趣、有哲理！人生很短，做有趣的人，过有趣的生活。沈从文、贾平凹、铁凝、冯唐等极力推崇的人生哲学！','http://img3m3.ddimg.cn/95/7/25204703-1_w_3.jpg',0),(239,'天黑得很慢',8,30.00,0,'','http://img3m5.ddimg.cn/75/4/25213395-1_w_3.jpg',0),(240,'在另一个宇宙的1003天',12,30.00,0,'限量签名版，少量花样彩蛋！年度“中国影响力图书”作者张春，继《一生里的某一刻》后全新作品。三年打磨，温柔呈现，真实记录与抑郁症同行的日子。李松蔚、陈海贤、文珍、柏邦妮、蔡要要 叉腰推荐','http://img3m0.ddimg.cn/79/6/25194490-1_w_4.jpg',0),(241,'和平饭店',8,37.00,0,'由陈数、雷佳音、李光洁主演与2018年1月25日浙江卫视首播，一入其中，插翅难飞。群敌环伺，步步惊心。 手无寸铁的他们， 能否破解惊天机密，改变历史？ 能否绝境逆袭，逃出生天？','http://img3m5.ddimg.cn/55/23/25221295-1_w_3.jpg',0),(242,'母牛玛塔向前冲（全四册）',9,44.00,0,'没有翻不过去的高山，没有实现不了的梦想！小清新，大能量，来自瑞士的大奖绘本，激励小朋友勇敢接受挑战、开开心心做与众不同的自己。红帽子童书出品','http://img3m5.ddimg.cn/74/34/25215275-1_w_1.jpg',0),(243,'脑洞W8·成语大会',13,16.00,0,'主题：成语大会 当初学成语，万万没想到它是这个意思！ 没想到成语写出脑洞故事这么好看！咋回事儿！','http://img3m5.ddimg.cn/84/33/25208355-1_w_3.jpg',0),(244,'陪你长大（全4册）（给孩子们最好的童年陪伴“给孩子读诗+孩子们的诗+晚安故事+陪孩子念童谣”。精装全彩印刷，纸张环保不伤眼。）',9,224.00,0,'韩寒、陈坤、董洁、易中天、闫妮、赵子琪、张天爱、冯唐、柯蓝、梅婷、朱丹、黄维德、喻恩泰、尹超、许继丹等二十多位各界知名人士鼎力推荐。瑞典环保轻型纸，无污染抗静电大豆油墨，国家认证印厂制作。果麦出品','http://img3m9.ddimg.cn/88/9/25207369-1_w_10.jpg',0),(245,'蜗牛看西游：揭秘取经背后的五十个谜团',18,29.00,0,'六神磊磊、许镜清、李天飞、张苗等力荐。自媒体大号“蜗牛看西游”首次结集，50篇精选文章，用独特视角讲述鲜为人知的西游故事，用犀利语言解读取经背后的社会人生。内附多张趣味插图，逐...','http://img3m5.ddimg.cn/83/19/25219145-1_w_2.jpg',0),(246,'甲骨文丛书·北京的隐秘角落',19,43.00,0,'腾讯·大家2016年度作家陆波，用北京人的目光，追寻藏身于角落的历史足迹，讲述那些发生于大时代中的小事情。','http://img3m6.ddimg.cn/58/19/25215556-1_w_3.jpg',0),(247,'捕捉儿童敏感期',3,25.00,0,'全新增订第三版隆重上市！补充了孙瑞雪关于儿童发展和敏感期研究的全新内容。本土原创早教经典，累计销量突破200万册。大规模地、全面深入地揭示敏感期这一生命现象，引领万千个父母了解儿童成长的规律。','http://img3m1.ddimg.cn/94/4/25207771-1_w_3.jpg',0),(248,'数独套装：风靡世界的头脑体操，越玩越聪明！',9,37.00,0,'数独赛事编制委员，前版丛书销售200万册，纪念版全新出版','http://img3m0.ddimg.cn/10/9/25197490-1_w_3.jpg',0),(249,'价值型销售（独家签名本）',7,49.00,0,'销售界大神级传说  崔建中  人称“老刀”  10年时间  100万销售学习  44个行业实践  数百个团队训练 实战总结 引领第四代销售浪潮    千万销售实行降维打击的新武器','http://img3m5.ddimg.cn/37/11/25230385-1_w_6.jpg',0),(250,'袁博动物小说:内伶仃岛上的猕猴',9,15.00,0,'美国耶鲁大学看好的90后动物小说作家袁博的全新力作！','http://img3m0.ddimg.cn/64/6/25198930-1_w_3.jpg',0),(251,'最佳中国儿童文学读本 红头鹅和蓝头鹅',9,20.00,0,'真正优秀的儿童文学作品不是远离尘嚣的精英艺术，而是能够为所有人欣赏和共享的朴素的经典。来自母语的文学营养是任何一种翻译作品都不可替代的。','http://img3m8.ddimg.cn/68/23/25096568-1_w_2.jpg',0),(252,'蒲公英王朝：七王之战（刘宇昆！征服欧美科幻界的华裔作家！）',8,46.00,0,'一部令整个华语世界翘首以待的科幻史诗！雨果奖、星云奖、轨迹奖得主刘宇昆气势恢宏的长篇处女作！刘慈欣《三体》、郝景芳《北京折叠》英文译者。在群星与大地之间，每个人都在创造传奇。读客出品','http://img3m7.ddimg.cn/84/34/25226967-1_w_3.jpg',0),(253,'了不起的盖茨比（中英文套装）（大师级英文品读范本，贴近原著诗意的全新译本）',8,33.00,0,'莱昂纳多主演同名电影原著小说。豆瓣8.9分译者张炽恒翻译。','http://img3m6.ddimg.cn/98/22/25215596-1_w_1.jpg',0),(254,'习近平新闻舆论思想要论',16,29.00,0,'全面系统阐释*新闻舆论思想的权威著作  学习宣传党的十九大精神重要参考读物','http://img3m0.ddimg.cn/10/2/25206400-1_w_3.jpg',0),(255,'给身体的情书',14,40.00,0,'马伊琍、冯唐、李开复、郎景和院士诚挚推荐！原协和医院妇产科副主任医师龚晓明代表作！女人一辈子*重要的事，就是爱自己！','http://img3m6.ddimg.cn/82/29/25204096-1_w_3.jpg',0),(256,'辅食每周吃什么（汉竹）',27,34.00,0,'宝宝辅食王中王！育儿专家张思莱、《婴幼儿睡眠全书》作者小土大橙子、微博大V妇产科医生王玉玲联合推荐！从6个月到3岁，宝宝辅食每周添加计划专家指导，215道宝宝营养餐轻松做。','http://img3m6.ddimg.cn/76/2/25201516-1_w_3.jpg',0),(257,'激荡四十年（全三册）',7,109.00,0,'财经作家吴晓波作品，改革开放四十年，不可错过的中国当代史。','http://img3m6.ddimg.cn/92/33/25180346-1_w_1.jpg',0),(258,'小王子的领悟',12,31.00,0,'与小王子一起追询爱与责任的意义；小王子的领悟，也是你我的成长之路。 刘瑜、陈冠中、陈嘉映、崔卫平、傅月庵、钱永祥、沈祖尧等联袂推荐！','http://img3m6.ddimg.cn/2/35/25214906-1_w_3.jpg',0),(259,'思想史：从火到弗洛伊德（上下册精装）',21,195.00,0,'一部拒绝“简化”的思想史，一己之力写尽人类智力全貌 上至直立行走和火的使用，下至粒子物理和精神分析 突破朝代更迭的撰史常规，思想才是社会进步的基石','http://img3m7.ddimg.cn/37/11/25208407-1_w_1.jpg',0),(260,'我们都在大大的绝望里，小小地努力着（攻星记系列，准到骨子里，说到心坎上）',13,22.00,0,'心里兵荒马乱，嘴上一言不发；容易被感动，也容易被说服。能让你脱胎换骨的自愈自乐读本。卢思浩式的治愈、刘同式的指点。附赠专属卡片和作者写给摩羯座的亲笔信。','http://img3m4.ddimg.cn/27/20/25206714-1_w_6.jpg',0),(261,'蒋介石后传：蒋介石在台湾的最后26年（继《蒋介石自述》轰动华语圈之后， 师永刚又一解读蒋介石台湾历史力作。）',22,46.00,0,'继《蒋介石自述》轰动华语圈之后， 师永刚又一解读蒋介石台湾历史力作。  62岁败退台湾，26年孤岛生涯。 “失败者”蒋介石*后岁月全解析， 以丰富的图文史料， 首度公开蒋介石34处秘密行馆里的隐蔽历史','http://img3m1.ddimg.cn/81/17/25204491-1_w_2.jpg',0),(262,'大洋之间的光',8,31.00,0,'荣获数项重量级国际文学大奖，英文版销量超过300万册，我们总得心怀期待，才能度过人生中一次次的悲欢离合。','http://img3m2.ddimg.cn/50/9/25200302-1_w_2.jpg',0),(263,'斗罗大陆3龙王传说24 唐家三少',13,21.00,0,'当当网* 唐家三少创作14周年纪念','http://img3m2.ddimg.cn/37/30/25228702-1_w_3.jpg',0),(264,'主角',8,63.00,0,'','http://img3m8.ddimg.cn/48/26/25224258-1_w_2.jpg',0),(265,'Python基础教程（第3版）',28,77.00,0,'Python3.5编程从入门到实践 Python入门佳作 机器学习 人工智能 数据处理 网络爬虫热门编程语言 累计销售20万册','http://img3m5.ddimg.cn/62/19/25218035-1_w_2.jpg',0),(266,'全职高手16——新军逆袭',13,32.00,0,'精美大海报+首刷限定赠品：Q萌PVC贴纸','http://img3m0.ddimg.cn/25/24/25215820-1_w_3.jpg',0),(267,'最富足的投资',6,31.00,0,'巴菲特、索罗斯、彼得?林奇盛赞的投资家吉姆?罗杰斯写给女儿的21条投资准则，生活智慧与投资经验集结，俞敏洪诚意撰文推荐。','http://img3m5.ddimg.cn/77/17/25205675-1_w_3.jpg',0),(268,'查理·芒格的原则：关于投资与人生的智慧箴言',29,39.00,0,'关于投资与人生的智慧箴言','http://img3m6.ddimg.cn/93/9/25202226-1_w_3.jpg',0),(269,'给孩子的历史地理（给孩子系列）',9,38.00,0,'北大地理教授、著名历史地理学家唐晓峰 宏观讲解中国历史地理图景 带孩子从远古到今天 重新认识脚下的大地和中华文明   培养“时间+空间”的认识世界的方式   造就开阔的眼界和看大局的头','http://img3m4.ddimg.cn/58/16/25225654-1_w_3.jpg',0),(270,'王子与贫儿（中小学新课标必读名著）',10,19.00,0,'','http://img3m4.ddimg.cn/34/1/25217314-1_w_2.jpg',0),(271,'哈佛大学1000个思维游戏+500个侦探游戏+500个数独游戏（套装共3册）',6,63.00,0,'逻辑推理游戏思维训练，激发大脑深层活动机能，开发与众不同的思维空间。','http://img3m5.ddimg.cn/96/22/25212525-1_w_2.jpg',0),(272,'甲骨文丛书·权力与特权: 社会分层的理论',23,69.00,0,'谁得到了什么？为什么能够得到？作者通过辩证的视角来审视这一学科思想的的发展，为我们展示了一幅恢弘的人类社会分层的历史与现实图景，具有很强阅读和学术价值，是社会学领域的经典读物...','http://img3m4.ddimg.cn/37/22/25211674-1_w_1.jpg',0),(273,'皇上吃什么（限量签名本，限量赠送杯垫，先到先得！）',18,51.00,0,'签名版/杯垫版随ji发货。舌尖上的故宫，大开本全彩图解；故宫授权一手资料，解秘紫禁城里皇家的饮食日常。','http://img3m4.ddimg.cn/87/25/25208754-1_w_5.jpg',0),(274,'欢迎度：引爆个人成功与幸福的人气心理学',17,32.00,0,'源自耶鲁大学场场爆满的“人气心理学”公开课。万维钢倾情作序，《精英日课》诚意推荐！掌握会提问、善表达、懂分享、敢拒绝、不迎合的人脉拓展技巧，在这个功利的世界快速立足。受欢迎的...','http://img3m6.ddimg.cn/67/29/25208536-1_w_3.jpg',0),(275,'读库1706',18,22.00,0,'“摆事实不讲道理”是《读库》的编辑方针,强调非学术，非虚构，追求趣味和品味的结合，探究人与事、细节与谈资，不探讨学术问题，不发表文学作品，所选书评影评等文体则强调趣味性','http://img3m4.ddimg.cn/81/35/25206174-1_w_3.jpg',0),(276,'怦然心动2',11,31.00,0,'快看漫画APP超人气纯爱少女漫热力再续，第二册火爆上市！ 拥有7000万总点赞的超高人气热度漫画 伟大的安妮、失控的Saner、谨斯里联袂推荐','http://img3m4.ddimg.cn/62/30/25199324-1_w_3.jpg',0),(277,'三国机密：全2册',8,54.00,0,'文字鬼才马伯庸实力代表作，新增序言全新修订版。一个永远无法公开的故事，一场诡谲迭起的三国暗战。在真实历史的缝隙间闪转，历数三国诸子风起云涌的激烈暗战。','http://img3m2.ddimg.cn/75/0/25193892-1_w_3.jpg',0),(278,'宝宝最爱的汽车推拉书',9,120.00,0,'《你认识这些车吗》作者专门为0-3岁小宝宝创作，20辆“会动”的汽车：挖掘机、消防车、垃圾车、拖拉机……推一推，拉一拉，让宝宝在惊喜中认知，在游戏中成长','http://img3m8.ddimg.cn/65/25/25193288-1_w_3.jpg',0),(279,'救赎者',8,29.00,0,'作品销量突破3300万册、北欧悬疑小说天王尤?奈斯博登峰之作《雪人》前传，魅力爆棚的复杂反派，意想不到的骇人结局。','http://img3m2.ddimg.cn/62/3/25224272-1_w_2.jpg',0),(280,'让自己更值钱（博恩·崔西关于终身成长的权威之作）',6,30.00,0,'春节不打烊，购书享当当。终身成长法则，打造竞争“硬核”！影响包括比尔·盖茨、沃伦·巴菲特，美国家喻户晓的绩效思想大家博恩·崔西，为你解析深度工作、终身学习、老板意识等未来竞争必备12个成长原理。','http://img3m6.ddimg.cn/55/25/25218226-1_w_3.jpg',0),(281,'对你，一切都计较，一切都原谅',13,32.00,0,'百万畅销书作家、优质青年导演李尚龙等出品。人气作家燃情巨献，描摹爱情中那些铭刻入骨的喜悦与悲伤、失落与成长。爱让我们不像自己，爱让我们找到更好的自己。','http://img3m7.ddimg.cn/79/3/25215577-1_w_1.jpg',0),(282,'飞花令里读诗词 邂逅古今文学 套装共6册 中国诗词大会通关宝典',12,109.00,0,'近1000首脍炙人口的诗文合集，诗经、楚辞、汉赋、唐诗三百首、宋词三百首、明清佳句与现代散文的温情邂逅。一花一世界，一叶一菩提，在美丽诗文中玩味中国文化！','http://img3m0.ddimg.cn/26/27/25198100-1_w_3.jpg',0),(283,'甲骨文丛书·罗曼诺夫皇朝：1613～1918（套装全2册）',19,117.00,0,'蒙蒂菲奥里继《耶路撒冷三千年》之后又一力作！《泰晤士报》《标准晚报》《经济学人》年度好书，《每日电讯报》年度历史类好书。106幅精美插图。青年翻译家陆大鹏译作！','http://img3m4.ddimg.cn/16/24/25181854-1_w_3.jpg',0),(284,'穿过欲望之城（国际版的《了不起的盖茨比》，它就有这么好！）',8,29.00,0,'接连被15家世界主流媒体评为年度图书！各国读者争相推荐这部令人笑中带泪的小说。我奔走一生追求金钱，后来才发现我真正渴望的是爱。读客出品','http://img3m2.ddimg.cn/82/21/25216372-1_w_3.jpg',0),(285,'人间词话（语文新课标课外阅读书目,国家教育部推荐读物）',10,21.00,0,'','http://img3m0.ddimg.cn/15/14/25215810-1_w_3.jpg',0),(286,'一九八四（又译作“1984”）',8,22.00,0,'豆瓣评分高达9.4；村上春树、王小波极力推荐；一本让你感到紧张、刺激、不安的讽喻小说','http://img3m4.ddimg.cn/96/20/25215594-1_w_2.jpg',0),(287,'汉声中国童话（全12册）（精美礼盒装，享誉世界的经典童话  代代相传的文化瑰宝）    ',9,669.00,0,'上百名匠人历经10年打造，全球华人“传家宝”级读物。37年来获得第八届文津图书奖、台湾地区“金鼎奖优良图书奖”、新加坡“*图书金牌奖”等几十项重要奖项与荣誉，被高洪波、李文儒、白先勇、李一慢、窦桂梅','http://img3m7.ddimg.cn/20/14/25210667-1_w_3.jpg',0),(288,'小树苗儿童成长经典阅读宝库：父与子全集 （漫画注音版）',9,19.00,0,'专为3～8岁小读者打造的一套经典阅读读物，手绘插图精美绝伦。','http://img3m1.ddimg.cn/92/6/25201631-1_w_3.jpg',0),(289,'汗青堂丛书016·无敌舰队',19,69.00,0,'普利策奖获奖历史著作、一流史学及文学作品','http://img3m0.ddimg.cn/52/16/25190800-1_w_3.jpg',0),(290,'大中华寻宝记系列（1-20） 我的第一本科学漫画书',9,392.00,0,'了解中华大地的人文与地理，在寻宝中探索中华文化精华！看寻宝漫画，玩寻宝竞赛，得精美宝物！','http://img3m6.ddimg.cn/97/25/25220446-1_w_3.jpg',0),(291,'后宫·如懿传典藏版套装（周迅、霍建华主演同名电视剧原著小说）',13,138.00,0,'周迅、霍建华领衔主演，2018年万众期待现象级影视IP原著小说。帝后传奇，后宫史诗。','http://img3m8.ddimg.cn/98/1/25220348-1_w_3.jpg',0),(292,'地图：精装手绘全彩地图书（人文版）/手绘中国地理地图 儿童百科 绘本 （编改修订版）',9,48.00,0,'','http://img3m9.ddimg.cn/41/2/25215539-1_w_3.jpg',0),(293,'人类酷刑简史（揭秘文明面具下的恐怖人性，BBC纪录片底片，享誉国际！）',19,39.00,0,'揭秘文明面具下的恐怖人性，BBC纪录片底片，重印数次，享誉国际！酷刑是这里的交流语言，死亡在这里司空见惯，痛苦如呼吸一样平常。同系列书被美国大学指定为变态心理学必读图书！知名历...','http://img3m6.ddimg.cn/38/25/25208606-1_w_3.jpg',0),(294,'假如我被困在同一天',13,28.00,0,'参与活动赢取LED复古木纹闹钟等“趣味脑洞”好礼，详见图文介绍！一本完全不走套路的异想世界故事集！英国报姐、银教授、温酒联袂叫好推荐！二十篇故事奇思妙想，下一秒脑洞惊天逆转。','http://img3m9.ddimg.cn/81/21/25205679-1_w_3.jpg',0),(295,'我是一只狐狸狗(林良美文书坊，台湾儿童文学泰斗林良最温暖亲切的儿童小说，感人催泪大作，儿童版《小太阳》,献给有爱心的家庭和孩子，两岸数十位作家、学者联袂推荐佳作)',9,15.00,0,'','http://img3m4.ddimg.cn/84/11/25205484-1_w_1.jpg',0),(296,'中国经济2018',24,39.00,0,'','http://img3m6.ddimg.cn/86/22/25204496-1_w_2.jpg',0),(297,'经济蓝皮书：2018年中国经济形势分析与预测',24,62.00,0,'中国社会科学院创新工程2017年度重大成果，预测2018年中国经济形势，紧跟大会报告看我国现代化经济体系，为国家应对全局性、长期性、战略性、前瞻性的重大问题及突发事件提供决策支持。','http://img3m1.ddimg.cn/39/26/25201281-1_w_3.jpg',0),(298,'饕餮记3',13,25.00,0,'（世间可有一种无可替代的滋味？《漫客小说绘》新锐作家殷羽,精心打造余味绵长的幻想盛宴。大结局《蛋炒饭?下》首次公开！）此书不参加促销,敬请选购其他图书','http://img3m5.ddimg.cn/76/35/25196665-1_w_3.jpg',0),(299,'超越原生家庭（原书第4版）',17,34.00,0,'所以，一切都是童年的错吗？全面深入解析原生家庭的心理学经典，全美热销几十万册，已更新至第4版！','http://img3m2.ddimg.cn/77/30/25216862-1_w_3.jpg',0),(300,'艾约堡秘史',8,29.00,0,'茅盾文学奖得主张炜长篇小说新作：一部透视中国巨富人士个人生活和精神世界的长篇小说','http://img3m3.ddimg.cn/29/15/25211963-1_w_3.jpg',0),(301,'知识的错觉：为什么我们从未独立思考',17,36.00,0,'《人类简史》作者尤瓦尔·赫拉利撰文推荐','http://img3m1.ddimg.cn/96/7/25197081-1_w_3.jpg',0),(302,'达脸',30,44.00,0,'周毅（不懂老兮）八年磨一剑，用读这本书的时间打脸你学过的所有护肤术。通达美丽的“逆龄”神器。','http://img3m1.ddimg.cn/87/13/25194201-1_w_12.jpg',0),(303,'玩儿（签名版）',12,49.00,0,'于谦执笔，郭德纲亲自作序，收录于谦2018年*创作、从未在任何媒体公开发表的新章节。艺术大师黄海亲自操刀装帧设计，由百姓烟火见世道人心，韵味十足，妙趣横生。','http://img3m2.ddimg.cn/5/4/25230452-1_w_3.jpg',0),(304,'《极地重生》沙克尔顿南极史诗之旅',9,74.00,0,'全新改版上市！2015年凯特格林纳威奖，横扫欧美十多项国际大奖。英国新锐画家威廉格利尔首部作品！这是一次永载史册的坚忍探险，也是一场绝境重生的励志传奇！','http://img3m2.ddimg.cn/32/27/25218302-1_w_3.jpg',0),(305,'铁道员（第117届直木奖获奖作品）',8,31.00,0,'《铁道员》是第117届直木奖获奖作品。日本当代温情大师浅田次郎的代表作，150万读者含泪推荐！同名短篇《铁道员》获第16届日本冒险小说协会大奖特别奖。这些都是发生在你身上的，温柔的奇迹。读客出品','http://img3m0.ddimg.cn/29/7/25213250-1_w_3.jpg',0),(306,'元尊2·初试锋芒',13,21.00,0,'畅销书作家天蚕土豆继《斗破苍穹》之后又一燃魂巨著，知音动漫开年巨献，吾有一口玄黄气，可吞天地日月星！','http://img3m6.ddimg.cn/21/28/25210866-1_w_12.jpg',0),(307,'如果有，还未找到（精装版，亦舒独家指定授权，亦舒小说系列）',8,24.00,0,'亦舒经典散文作品。每一个成长中的女子都该读一读。其与倪匡、金庸并称“香港文坛三大奇迹”，影响了半个世纪以来的城市女性。金庸、林夕、蔡澜、张国荣推崇备至的女作家。“拿到手里就放不下来，非一口气读完不可”','http://img3m8.ddimg.cn/42/5/25208808-1_w_3.jpg',0),(308,'独家占有（全二册）（当当专享签名版）（ 囚禁我的，不是你zui初给予的牢笼，而是那颗zui温柔炽热的心。）',13,41.00,0,'（畅销书作家、微博2017年度十大影响力读书大V、IP影响力作者丁墨高口碑人气的星际幻想浪漫爱情经典力作。全新修订+新增超值小剧场+随书附赠2018年日历海报+明信片 ）白马时光','http://img3m6.ddimg.cn/3/31/25206096-1_w_6.jpg',0),(309,'南极',8,35.00,0,'与博尔赫斯、雷蒙德 ·卡佛齐名，被村上春树盛赞的短篇小说集， 篇篇触动你的内心隐秘','http://img3m0.ddimg.cn/87/3/25202220-1_w_6.jpg',0),(310,'诗经—无障碍阅读插图本（初中生课外书目）',10,31.00,0,'无障碍阅读，专家精译，足本定本，古为今用，唯美珍藏插图本。中国古典诗歌的源头，传统文化的经典读本，孔子学院指定阅读，被评为“十大优秀国学图书”。','http://img3m8.ddimg.cn/71/16/25199828-1_w_6.jpg',0),(311,'月魄在天（当当专享签名本，晋江原创网大神级作者蓝色狮重磅推出古装纸上电影）',13,27.00,0,'繁华却又阴谋不断的京城，尘封而又无法遗忘的案件，惊心动魄的寻求真相之路，两心相惜守护爱人的柔情。儒意欣欣','http://img3m8.ddimg.cn/73/8/25182208-1_w_8.jpg',0),(312,'小清欢（当当专享签章版）',13,24.00,0,'（躁动小甜文&学霸爱情。《致我们单纯的小美好》《你好，旧时光》后，再现青春校园甜蜜之作！甜宠番外&随书附赠“喜欢你”双书签。白马时光）','http://img3m9.ddimg.cn/37/28/25217119-1_w_3.jpg',0),(313,'1周1个好故事——迪士尼双语故事屋',9,159.00,0,'适合2～4岁亲子共读双语故事， 1周1个好故事，52本分册带给宝宝一整年的视听享受， 12项能力分类，培养宝宝健全人格，  中英文不对照编排，遵循儿童语言发展规律， 随书附赠双语音频，扫描二维码可收听','http://img3m0.ddimg.cn/45/33/25208910-1_w_3.jpg',0),(314,'趁早把生活折腾得与众不同',6,26.00,0,'人民日报，思想聚焦，有书等大号转发推荐作者，树獭先生新书温情上市！剑圣喵大师倾情推荐。有一种遗憾是，你配不上自己的野心，也辜负了所有吃过的苦。你都没折腾过，你凭什么甘心？与其平庸得千篇一律，不如精彩得','http://img3m0.ddimg.cn/51/12/25204560-1_w_3.jpg',0),(315,'新合伙制2（落地工具版）：移动互联网时代的新型企业组织模式',7,40.00,0,'畅销书《新合伙制》实操工具版，创业者必读，生意人必看，企业家案头常备。从人才机制、经营模式、团队管理、股权激励、风险控制等多个层面提供全套合伙方案。常用合同、协议范本、模板工具等海量干货应有尽有。','http://img3m0.ddimg.cn/38/25/25201280-1_w_3.jpg',0),(316,'华杉讲透《孟子》（无需半点古文基础，直抵2500年儒学源头！）',21,41.00,0,'这回终于读懂《孟子》！逐字逐句讲透《孟子》原意，无需半点古文基础，直抵2500年儒学源头！畅销书《华杉讲透》作者华杉全新力作！读客出品','http://img3m0.ddimg.cn/47/10/25168520-1_w_5.jpg',0),(317,'可复制的领导力（亲笔签名版）',7,36.00,0,'亲笔签名版！樊登读书会”发起人樊登博士首部作品。100 000+用户亲测有效，北大总裁班、清华MBA、海尔、苏宁等都推崇的团队管理法则。每一位知识管理者都是领导者，卓有成效的领导可以学会！','http://img3m7.ddimg.cn/47/13/25213367-1_w_6.jpg',0),(318,'月亮和六便士（语文新课标课外阅读书目,国家教育部推荐读物）',10,23.00,0,'毛姆三大代表作之一，20世纪风靡全球，全球热销千万册；村上春树、奥威尔、张爱玲、王安忆、董桥等一致推崇；20世纪上半叶受人欢迎的小说家寻梦之书','http://img3m5.ddimg.cn/16/16/25212445-1_w_3.jpg',0),(319,'生活志（精装版，亦舒独家指定授权，亦舒小说系列）',8,24.00,0,'亦舒经典散文作品。每一个成长中的女子都该读一读。其与倪匡、金庸并称“香港文坛三大奇迹”，影响了半个世纪以来的城市女性。金庸、林夕、蔡澜、张国荣推崇备至的女作家。“拿到手里就放不下来，非一口气读完不可”','http://img3m5.ddimg.cn/37/34/25211575-1_w_3.jpg',0),(320,'培生幼儿英语第二辑·预备级（升级版）',9,75.00,0,'全35册，针对3-5岁英语零基础的幼儿，以单词和词组为主。利用生活中常见的事物，对孩子进行英语启蒙。手机扫码、有声伴读、全新升级。（海豚传媒出品）','http://img3m1.ddimg.cn/91/3/25219351-1_w_3.jpg',0),(321,'谢谢你迟到 ——以慢制胜，破题未来格局（当当独家限量0.1元换购《经济学300年》电子书，价值 39.9元）',24,51.00,0,'现象级畅销书《世界是平的》作者托马斯·弗里德曼一部写给未来的社会简史。重塑未来的3M力量让成功法则全面迭代，过去的经验将不再适用，个人和群体都需要暂停、反思，才能重掌生存的主动权。','http://img3m2.ddimg.cn/63/25/25208532-1_w_6.jpg',0),(322,'打动孩子心灵的世界经典——小狐狸买手套',9,20.00,0,'一流译者翻译，全彩大16开美绘本，字大图多，超值阅读体验','http://img3m6.ddimg.cn/1/24/25200946-1_w_1.jpg',0),(323,'37°C的母爱 : 我的母乳喂养书',27,35.00,0,'适合中国宝宝和妈妈的母乳喂养全方案，明星妈妈孕期共同的信赖之选','http://img3m2.ddimg.cn/4/2/25215502-1_w_3.jpg',0),(324,'意林小小姐淑女文学馆浪漫星语12--射手座：会有星光越重洋（升级版）',13,17.00,0,'浪漫星语系列015  *赠送：4张星座好运卡','http://img3m5.ddimg.cn/42/34/25210095-1_w_3.jpg',0),(325,'袁珂中国神话故事集',9,34.00,0,'--荣获冰心儿童图书奖 ；神话学大家袁珂先生经典力作！讲述中国古代神话宏伟、壮阔的幻想，瑰奇、绚烂的构思，歌颂中华祖先博大坚韧、自强不息、勇武刚健的民族精神。','http://img3m0.ddimg.cn/69/36/25206360-1_w_2.jpg',0),(326,'植物大战僵尸2·恐龙漫画 神奇恐龙果',9,25.00,0,'火爆全球的经典游戏遇上中生代的神奇生物恐龙，一场惊心动魄的大冒险开始了！美国EA公司正版授权，笑江南团队编绘，北京自然博物馆专家审订，趣味性和知识性兼顾的漫画书！适合7-12岁儿童。','http://img3m3.ddimg.cn/23/24/25205423-1_w_3.jpg',0),(327,'我的世界探索指南',15,28.00,0,'《我的世界》全新官方攻略全速来袭！有灵感、有创意、有惊喜！启动大脑，跟上我的脚步——一起探索“世界”奥秘！','http://img3m7.ddimg.cn/12/6/25196007-1_w_3.jpg',0),(328,'《老照片》第116辑',19,15.00,0,'','http://img3m4.ddimg.cn/15/18/25224324-1_w_3.jpg',0),(329,'知更鸟',8,33.00,0,'一个令人心碎的爱情悲剧VS一出天衣无缝的犯罪戏码，作品销量突破3300万册，北欧悬疑小说天王尤?奈斯博扬名欧美文坛的史诗巨作，雄踞挪威图书畅销排行榜52周，获颁挪威年度书店业者大奖，入围英国匕首奖。','http://img3m3.ddimg.cn/80/9/25217063-1_w_3.jpg',0),(330,'你途经过我倾城的时光（独家签名版）',12,26.00,0,'百万畅销书作者白落梅十年散文精选，诗意栖居的落梅美学代表作。她依旧是那个踏雪寻梅的女子，带着前世的梅香，经时光冷梦，和你淡淡相逢。','http://img3m5.ddimg.cn/27/24/25211565-1_w_3.jpg',0),(331,'冷案重启2逝者之证 ',8,27.00,0,'当当专享签章本。以真实案件为原型，集悬疑和情感温度于一身的绝妙新作，钟宇、齐州三爷、莲蓬联袂推荐！堪称中国版《信号》。每一桩尘封的冷案背后，都是无数等待救赎的灵魂。谁能挖开罪恶的坟墓，拯救被埋葬的真相','http://img3m9.ddimg.cn/81/31/25208649-1_w_3.jpg',0),(332,'易中天品读中国（全6册）（百万畅销，2018全新修订版。品人录+读城记+大话方言+闲话中国人+中国的男人和女人+中国人的智慧）',19,198.00,0,'易中天穿过时间与空间，品读中华文化里的多姿多彩，饮食男女、风流人物、城市记忆、方言异趣瑞典轻型纸印刷，70度白有效保护视力，纸质柔软方便持握阅读。果麦出品','http://img3m6.ddimg.cn/96/14/25206486-1_w_3.jpg',0),(333,'有效学习',6,36.00,0,'美国国家智库高级研究员力作，斯坦福大学学习政策研究学院董事长、美国教师联合会董事长等联袂推荐。*本回答如何利用碎片化时间进行系统学习的作品','http://img3m1.ddimg.cn/76/26/25204981-1_w_2.jpg',0),(334,'发现心流：日常生活中的最优体验',17,29.00,0,'心流理论之父、积极心理学奠基人米哈里?契克森米哈赖开山之作！影响全球千万人的“心流”理论实践手册。郑也夫、赵昱鲲、阳志平、万维钢、张德芬、田芳萌、吕宁思激赏推荐！','http://img3m9.ddimg.cn/96/12/25202229-1_w_4.jpg',0),(335,'人类的故事（极具现场感的人类成长史；《魔戒》译者邓嘉宛“将生命中的7个月交给了这本书”；无障碍阅读全本，完结篇初次译入中文世界；房龙56幅地图原样保留）',19,48.00,0,'','http://img3m6.ddimg.cn/62/27/25202096-1_w_3.jpg',0),(336,'外贸高手客户成交技巧2：揭秘买手思维',24,41.00,0,'外贸畅销书作者毅冰新书上市，以国际买手视角揭秘成交技巧,四年沉淀，强势回归','http://img3m8.ddimg.cn/8/34/25194518-1_w_3.jpg',0),(337,'2017年中国思想随笔排行榜',12,31.00,0,'','http://img3m0.ddimg.cn/87/33/25211130-1_w_2.jpg',0),(338,'成为小说家',12,31.00,0,'贾平凹、阿来、余华、苏童、格非、麦家联合推荐，谢有顺开讲小说课。','http://img3m1.ddimg.cn/70/1/25210321-1_w_3.jpg',0),(339,'百鸟朝凤',8,28.00,0,'','http://img3m4.ddimg.cn/35/14/25202564-1_w_3.jpg',0),(340,'爱海的孩子（林良成长书坊）',9,17.00,0,'台湾儿童文学泰斗林良的童年之旅，一窥林良小太阳般温暖魅力的起源','http://img3m7.ddimg.cn/22/36/25201957-1_w_3.jpg',0),(341,'骆驼祥子 新版（全译精装典藏版 新课标必读 朱永新及各省级教育专家联袂推荐）',10,22.00,0,'百年商务 品质保证；著名翻译家团队；优质纸张、环保印刷；是一套值得收藏的名著经典。','http://img3m5.ddimg.cn/98/23/25193915-1_w_2.jpg',0),(342,'从此深情永不负（共2册）',13,44.00,0,'限量签名本，先买先得！云起大神作家 墨子悠 温情新作，甜婚蜜宠，全文精心修订。因为爱你，我让自己变得更好，因为有你，世界从此不再孤单，爱你如初，宠你入骨，深情永不负。赠书签','http://img3m5.ddimg.cn/78/2/25189935-1_w_1.jpg',0),(343,'谈判官（电视剧同名小说）',8,58.00,0,'湖南卫视金鹰独播剧场热播电视剧《谈判官》同名小说。一场烽烟弥漫的商战博弈，一段上天入地的痴心爱恋。聚焦新意十足的“商业谈判”领域 ，风云骤变的职场现实与“怼宠CP”高甜互动实力吸睛！','http://img3m1.ddimg.cn/61/22/25230211-1_w_8.jpg',0),(344,'董卿：做一个有才情的女子',6,24.00,0,'（才情是女人*的魅力，看见＂央视一姐＂董卿的优雅与才情，摄取提升女人智慧与能量的捷径！）','http://img3m9.ddimg.cn/36/13/25223949-1_w_2.jpg',0),(345,'博多豚骨拉面1',8,24.00,0,'改编动画一月正式开播！ 令人大呼过瘾的热血群像剧！','http://img3m8.ddimg.cn/87/30/25221228-1_w_3.jpg',0),(346,'手绘儿童地理大百科',9,58.00,0,'上1000幅精美手绘插图，系统全面讲述世界地理、充满趣味和欣赏性的儿童科普读物。 8开大开本，内容更多知识点，展现世界地理的宏伟壮观。赠送“世界海洋动物分布图”！','http://img3m1.ddimg.cn/96/13/25220841-1_w_5.jpg',0),(347,'刑事审判参考（总第109集）',31,30.00,0,'刑事审判工作指导，刑事诉讼工作侦查、检察、审判人员及刑事律师常备用书','http://img3m7.ddimg.cn/67/33/25213387-1_w_4.jpg',0),(348,'汉声中国童话：春（全3册）（（精美礼盒装，谨将祖先流传下来的故事，送给中国新生一代儿童！）',9,168.00,0,'上百名匠人历经10年打造，全球华人“传家宝”级读物。37年来获得第八届文津图书奖、台湾地区“金鼎奖优良图书奖”、新加坡“*图书金牌奖”等几十项重要奖项与荣誉，被高洪波、李文儒、白先勇、李一慢、窦桂梅','http://img3m8.ddimg.cn/21/15/25210668-1_w_3.jpg',0),(349,'你和梦想的距离，只差高情商的自己（从10个维度告诉你如何提高情商，成就自己的梦想）',6,27.00,0,'成功不是机遇的恩赐，而是奋斗的必然。','http://img3m2.ddimg.cn/52/32/25195552-1_w_3.jpg',0),(350,'借山而居（全新修订版）',12,35.00,0,'一位80后诗人、画家，4000元租下终南山小院20年使用权，花费几千元将老宅改造，实现“诗意栖居”。     现象级畅销书《借山而居》全新修订版，增补15篇新文章，随书附赠2万字“鸡江湖”趣味别册。','http://img3m6.ddimg.cn/25/33/25185526-1_w_3.jpg',0),(351,'劳阿毛说并购（增订版）(当当独家首发签名版，限量销售)',7,77.00,0,'当“干货”遇到“段子”，内行看门道，外行见热闹。是并购之书，也是人生之书。','http://img3m6.ddimg.cn/3/34/25217976-1_w_5.jpg',0),(352,'2001：太空漫游',8,27.00,0,'（果壳网CEO姬十三 力挺之太空时代全民读物！世界科幻殿堂不可超过之作，一笔写透人类命运归宿。好莱坞经典电影《2001：太空漫游》原著小说！）','http://img3m6.ddimg.cn/4/31/25213126-1_w_4.jpg',0),(353,'身边的科学（套装共两册）',9,89.00,0,'专为爱科学的孩子和家庭打造的微观世界大百科！风靡日本、国内畅销50余万册、好评4.5万余条的儿童生活百科全书之全新续篇！观察求知、动脑动手、亲子共读、科学游戏，陪孩子探索小小天地的大奥秘！','http://img3m3.ddimg.cn/11/18/25207193-1_w_4.jpg',0),(354,'在水一方（琼瑶精装版）',8,21.00,0,'“绿草苍苍，白露茫茫，有位佳人，在水一方”华语世界深具影响力作家琼瑶经典作品！光影辑收录6部深入人心的经典影视作品原著。全新编校，精美装帧，典藏之选。人间没有不老的青春，人生却有不老的爱情。','http://img3m3.ddimg.cn/66/21/25202793-1_w_3.jpg',0),(355,'Suki和Sula的早教游戏笔记 0~3岁 家里的蒙台梭利教室',27,42.00,0,'10万新手妈妈追随的“早教游戏领路人”、微博育儿热门话题“家里的蒙台梭利教室”发起人——人气早教博主安潇手把手教您在家做早教、当当独家附赠价值28元唱歌学汉语学习卡','http://img3m9.ddimg.cn/30/26/25196619-1_w_5.jpg',0),(356,'一个人的朝圣(套装共2册)',8,54.00,0,'','http://img3m2.ddimg.cn/50/25/25190402-1_w_3.jpg',0),(357,'大中华寻宝系列6 四川寻宝记 我的第一本科学漫画书',9,19.00,0,'了解中华大地的人文与地理，在寻宝中探索中华文化精华！','http://img3m4.ddimg.cn/53/31/25176644-1_w_2.jpg',0),(358,'以极简的方式去生活',6,29.00,0,'更适合中国读者的极简生活指导书','http://img3m7.ddimg.cn/45/30/25229997-1_w_2.jpg',0),(359,'人心可测：破解微表情背后的密码（赠微表情技能手册）',17,35.00,0,'《四大名助》《非常了得》《*强大脑》《非诚勿扰》特邀嘉宾姜振宇，教你慧眼识人的心理洞察术，如何从一个人的微表情、微反应、微动作中，发现他行为背后的秘密。看透他人，掌控局面！孟...','http://img3m3.ddimg.cn/40/22/25207123-1_w_4.jpg',0),(360,'打动孩子心灵的中国经典-乌丢丢的奇遇',9,20.00,0,'','http://img3m8.ddimg.cn/77/7/25206368-1_w_3.jpg',0),(361,'黑暗的左手（不愧是世界幻想文坛的传奇女王！雨果奖、星云奖双奖作品）',8,30.00,0,'6次雨果奖、6次星云奖、21次轨迹奖、美国国家图书奖、世界奇幻奖、美国科幻奇幻作家协会大师称号、作家与艺术家中的“在世传奇”“奇幻小说三巨头”之一。在宇宙尽头的陌生人身上，看到了另一个自己。读客出品','http://img3m3.ddimg.cn/21/35/25198293-1_w_3.jpg',0),(362,'建水记',8,69.00,0,'一本关于中国古典生活、建筑、手艺的沉思录，著名诗人于坚*力作，追问何为“诗意地栖居”。','http://img3m9.ddimg.cn/86/8/25189349-1_w_3.jpg',0),(363,'鬼谷子的局·寒川子（升级修订版，套装全四册 ）',19,126.00,0,'百万册级畅销书《鬼谷子的局》全新修订，全8册增容为10册；讲述纵横家、阴阳家、命相家、兵家、道家的祖师爷鬼谷子布局天下的辉煌传奇！','http://img3m6.ddimg.cn/48/0/25179906-1_w_1.jpg',0),(364,'大中华寻宝系列5 山东寻宝记 我的第一本科学漫画书',9,19.00,0,'了解中华大地的人文与地理，在寻宝中探索中华文化精华！','http://img3m3.ddimg.cn/52/30/25176643-1_w_2.jpg',0),(365,'脑洞W新年特辑--贺岁',13,17.00,0,'主题：贺岁  恍恍惚惚看脑洞，红红火火过新年。 2018，我绝不会轻易狗带！','http://img3m6.ddimg.cn/63/3/25223976-1_w_3.jpg',0),(366,'2017年中国杂文精选',12,24.00,0,'名家遴选，品质保证，2017年杂文佳作尽在其中','http://img3m0.ddimg.cn/49/26/25209310-1_w_3.jpg',0),(367,'国王的两个身体',19,126.00,0,'（“经典与解释”书系重磅经典，2018年人文阅读，揭开民族国家的神圣谱系）','http://img3m5.ddimg.cn/77/36/25207655-1_w_3.jpg',0),(368,'漫步华尔街（原书第11版）',29,54.00,0,'几乎每一份投资书目，均列有马尔基尔的大作。美国大学MBA投资学课程指定参考书。第11版新增新兴市场投资机会、聪明的β投资策略等。','http://img3m7.ddimg.cn/0/30/25206687-1_w_2.jpg',0),(369,'我们生活的故事：马克·斯特兰德诗选（1964—1978）',12,42.00,0,'（影响一代美国诗人的桂冠诗人马克·斯特兰德诗选，美国国家图书奖提名作品、《波士顿环球报》年度好书）','http://img3m6.ddimg.cn/79/25/25203796-1_w_3.jpg',0),(370,'我的第一本亲子英文书（新版）',3,35.00,0,'华人世界更受欢迎的英语学习书，世上更好的英语学习环境就在你的家里，父母好的教育，能决定孩子的大未来！','http://img3m7.ddimg.cn/70/25/25202797-1_w_3.jpg',0),(371,'《中国文化常识3》（一本了解中国文化的微型百科，中国文化常识系列收官之作！）',18,34.00,0,'北京大学、南开大学专家主笔，堪比王力的《中国古代文化常识》。收录成人、学生都需要了解的中国文化常识，雅俗共赏，读查两便。','http://img3m9.ddimg.cn/70/29/25196659-1_w_2.jpg',0),(372,'社群营销实战手册 从社群运营到社群经济',7,54.00,0,'和秋叶一起从0到1做社群，关于社群营销与运营的方法、技巧与工具，都在这里，全实操，纯干货','http://img3m5.ddimg.cn/85/5/25214395-1_w_10.jpg',0),(373,'傅雷传世译著（精装套装共5册）《高老头》+《欧也妮.葛朗台》+《约翰.克里斯多夫》',10,89.00,0,'世界经典名著，诺贝尔文学获奖作品，央视“朗读者”首期开读书目，国家教育部语文新课标文学经典，文学巨匠的不朽之作，翻译大家傅雷的经典译著。傅雷先生诞辰110周年纪念精装珍藏版。','http://img3m3.ddimg.cn/17/9/25213733-1_w_2.jpg',0),(374,'郊游',8,29.00,0,'还没人这样写过那些疲惫的年轻人，也还没人这样写过那些愿望仍在的人的生活。生活的精华，就是要在目标的彼岸生活。超人气作家荞麦2018年短篇小说新作','http://img3m4.ddimg.cn/5/5/25212434-1_w_3.jpg',0),(375,'克苏鲁神话II（豪华简体中文版第二弹，闭关一年打磨，拿书瞬间有如古神附体。挑战San值的口碑名篇全收录，入坑首选，收藏必备）',8,59.00,0,'《克苏鲁神话》*弹原班人马操刀制作，只为满足每一个克苏鲁信徒的期待。更加黑暗恐怖、不可名状的选篇，更加丰富细腻、代入感十足的元素。脱下书皮，内封高级烫金工艺散发出光怪陆离绿色魔光。咿呀咿呀，克总发糖','http://img3m5.ddimg.cn/84/5/25207365-1_w_6.jpg',0),(376,'大军师司马懿之军师联盟',8,37.00,0,'吴秀波、李晨、刘涛、于和伟主演现象级历史剧《军师联盟》正版原著小说 看三国终结者司马懿，被历史忽略的传奇人生与生存智慧 易中天 史航 马伯庸 推荐！随书附赠4张官方剧照明信片（共七款）','http://img3m8.ddimg.cn/56/33/25198328-1_w_3.jpg',0),(377,'打动孩子心灵的世界经典童话—吹牛大王历险记',9,22.00,0,'一流译者翻译，全彩大16开美绘本，字大图多，超值阅读体验','http://img3m2.ddimg.cn/21/22/25194432-1_w_1.jpg',0),(378,'事实改变之后',19,51.00,0,'朱特逝后由遗孀编辑整理的晚年文集，记录了他对9·11、犹太、战后欧洲、知识分子等问题的*终思考。事实改变之后，朱特不畏惧修正自己，亦不畏惧站在潮流反面','http://img3m4.ddimg.cn/59/34/25194074-1_w_3.jpg',0),(379,'柏拉图和鸭嘴兽一起去酒吧',21,42.00,0,'用笑话写成的极简西方哲学史/《每当我找到生命的意义，它就又变了》作者幽默哲学代表作。/长销10年，卖出27种文字版权/ 戳爆笑点，跳脱思维，哲学与笑话天生一对！','http://img3m9.ddimg.cn/47/9/25212179-1_w_3.jpg',0),(380,'2017年中国散文精选',12,28.00,0,'2017年中国散文创作优秀作品集结；中国作协创研部精心选编。','http://img3m1.ddimg.cn/40/17/25209301-1_w_2.jpg',0),(381,'你值得世间所有的美好（攻星记系列，准到骨子里，说到心坎上）',13,24.00,0,'人前没心没肺地笑，人后独居寂寞城堡。时而深情又盲目，时而绝情又理性。能让你脱胎换骨的自愈自乐读本。卢思浩式的治愈、刘同式的指点。附赠专属卡片和作者写给双鱼座的亲笔信。','http://img3m5.ddimg.cn/86/29/25206575-1_w_6.jpg',0),(382,'理想国译丛·战争、枪炮与选票(NO：022)',16,44.00,0,'政治暴力蔓延在底层10亿人的社会里，民主选举和经济外援无法拯救底层国家《外交政策》杂志“全球*思想家科利尔，写下他对现今底层国家的诊断与处方刘瑜专文导读，反思民主体制的盲点及发...','http://img3m7.ddimg.cn/47/20/25204457-1_w_2.jpg',0),(383,'古汉语常用字字典（第5版）（缩印本）',32,19.00,0,'荣获首届中国辞书奖一等奖，学习古汉语必备工具书','http://img3m5.ddimg.cn/1/2/25198075-1_w_1.jpg',0),(384,'我的世界创意指南',15,28.00,0,'《我的世界》全新官方攻略全速来袭！有灵感、有创意、有惊喜！启动大脑，跟上我的脚步——一起探索“世界”奥秘！','http://img3m5.ddimg.cn/10/4/25196005-1_w_2.jpg',0),(385,'谁不是咬牙坚持，才赢得掌声',6,22.00,0,'（特别会写故事的励志男神级人气作者王东旭治愈新作。细腻、温暖的文字直抵内心，贴心陪伴，岁月可期。人民日报、十点读书、今日头条等转发推荐。只要内心有光的人，就能穿越黑夜，抵达黎明！）','http://img3m6.ddimg.cn/60/18/25225656-1_w_2.jpg',0),(386,'中国REITs操作手册',29,73.00,0,'基础设施与商业地产资产证券化操作指南， 一本权威且前沿性中国版REITs落地实操指南。','http://img3m2.ddimg.cn/25/4/25224532-1_w_3.jpg',0),(387,'世界越悲伤，我要越快乐（攻星记系列，准到骨子里，说到心坎上）',13,24.00,0,'想一出，是一出；做一出，后悔一出；看起来特别温顺，倔起来特别要命。能让你脱胎换骨的自愈自乐读本。卢思浩式的治愈、刘同式的指点。附赠专属卡片和作者写给天秤座的亲笔信。','http://img3m6.ddimg.cn/29/22/25206716-1_w_103.jpg',0),(388,'不是温柔的人，却做尽了温柔的事（攻星记系列，准到骨子里，说到心坎上）',13,24.00,0,'一旦爱就火力全开，一旦分手就永远拜拜。反射弧很长，后知后觉的典型代表。能让你脱胎换骨的自愈自乐读本。卢思浩式的治愈、刘同式的指点。附赠专属卡片和作者写给白羊座的亲笔信。','http://img3m4.ddimg.cn/85/28/25206574-1_w_6.jpg',0),(389,'浮生知星辰（下）',13,22.00,0,'美好的宋星辰与苏清澈的浪漫结局','http://img3m4.ddimg.cn/23/8/25204334-1_w_3.jpg',0),(390,'目客·安藤忠雄：建造属于自己的世界（特辑）',26,109.00,0,'建筑大师安藤忠雄“代表作品+人生关键时刻”全纪录，由安藤和Lens联手撰稿和编排','http://img3m6.ddimg.cn/46/36/25198516-1_w_3.jpg',0),(391,'墨多多谜境冒险（4-5共2册） 隐匿的巫女面具（上 下） 查理九世漫画版',9,28.00,0,'谜境现已开启，DODO冒险队全部集结，和我们一起勇敢探索，迎接挑战!','http://img3m1.ddimg.cn/20/31/25197401-1_w_3.jpg',0),(392,'定见未来：正确观察世界的11个思维模式',24,44.00,0,'享誉全球的未来学家、畅销书作者约翰?奈斯比特重磅作品。让你化繁为简，积极跳脱惯性思维','http://img3m6.ddimg.cn/81/29/25197066-1_w_3.jpg',0),(393,'微表情心理学：实战版',17,24.00,0,'跟对人、说对话、办对事的人际关系博弈术。近百个案例解析，教你瞬间看懂他人从表面到内心、从语言到行为的秘密。内附6张语言微表情识别卡，帮你戳穿虚伪面具，避开人际交往陷阱。','http://img3m1.ddimg.cn/66/14/25197051-1_w_3.jpg',0),(394,'文艺风象·爱上博物馆的这一天来了',13,12.00,0,'12座博物馆镇馆之宝“国家宝藏”精选，国之重器，开启国宝传奇之旅。  演员阚清子、歌手刘思涵特邀专访。','http://img3m5.ddimg.cn/50/31/25217825-1_w_3.jpg',0),(395,'伊索寓言（2018新版，一字未删！周作人经典全译本！首度新增80幅全彩精美插图，完整收录358篇伊索寓言）【作家榜出品】',12,43.00,0,'2018全新未删节插图典藏版，清华大学附小校长窦桂梅盛誉推荐！伊索用动物的故事讲透人性，孩子阅读启发智慧，成年人阅读醒悟人生。','http://img3m8.ddimg.cn/97/20/25215298-1_w_3.jpg',0),(396,'东野圭吾作品：白马山庄谜案（2018年新版）',8,28.00,0,'','http://img3m3.ddimg.cn/13/16/25213333-1_w_3.jpg',0),(397,'乐乐趣揭秘翻翻书系列-揭秘海洋',9,44.00,0,'3-6岁 揭秘系列，儿童科普阅读常备系列，高品质科普翻翻书，带给孩子非凡的阅读享受。   乐乐趣科普翻翻书','http://img3m9.ddimg.cn/54/15/25211889-1_w_2.jpg',0),(398,'人世间',8,178.00,0,'立足底层，直指人心，于人间烟火处彰显道义和担当，在悲欢离合中抒写情怀和热望，堪称一部“五十年中国百姓生活史”','http://img3m3.ddimg.cn/5/1/25207583-1_w_2.jpg',0),(399,'你那么孤单，却偏说一个人真好（攻星记系列，准到骨子里，说到心坎上）',13,24.00,0,'内心虚弱就想躲藏，一打鸡血就想流浪。看似理性冷静，实则是性情中人。能让你脱胎换骨的自愈自乐读本。卢思浩式的治愈、刘同式的指点。附赠专属卡片和作者写给水瓶座的亲笔信。','http://img3m4.ddimg.cn/75/18/25206564-1_w_5.jpg',0),(400,'苏联的命运：戈尔巴乔夫回忆录',19,42.00,0,'苏联为何解体？俄罗斯该往何处去？戈尔巴乔夫揭开历史真相，思索改革本质','http://img3m7.ddimg.cn/69/8/25201707-1_w_3.jpg',0),(401,'恐龙全知道 （礼盒装共13册）',9,289.00,0,'专业恐龙团队历时3年的巨制之作，中国地质所恐龙研究专家亲审力荐，高度求真还原了150余类恐龙亿万年前鲜活的生活画卷。超补恐龙迷短板的恐龙知识短故事集，以恐龙时间、分布地点为场景线索，扫尽恐龙认知盲区。','http://img3m1.ddimg.cn/63/16/25220511-1_w_19.jpg',0),(402,'楼兰啊，楼兰',19,35.00,0,'','http://img3m5.ddimg.cn/60/23/25219815-1_w_2.jpg',0),(403,'理想国译丛·金与铁： 俾斯麦、布莱希罗德与德意志帝国的建立（NO：023）',19,108.00,0,'莱昂内尔·特里林奖得主丨国家图书奖决选黄金锁链如何蒙蔽人们的双眼，让他们接受钢铁般无情的奴役，*终被历史潮流撕碎。铸成铁与血的财富，引领出德意志帝国摆荡在权力与金钱、民族主义...','http://img3m7.ddimg.cn/3/36/25214907-1_w_3.jpg',0),(404,'原声触摸发声书：听，什么声音（套装全6册）',9,217.00,0,'能按出声音的触控玩具书，专为视听敏感期宝宝打造！自媒体母婴公众号联合推荐！汇集动物、交通、乐器、大自然等36种“真实原声”，中英双语，耳育启蒙！步步联盟出品。','http://img3m9.ddimg.cn/8/14/25214219-1_w_7.jpg',0),(405,'完整的成长：儿童生命的自我创造（全新增订第三版）',3,30.00,0,'全新增订第三版隆重上市！本土原创早教经典，孙瑞雪教育思想集大成之作！继《爱和自由》《捕捉儿童敏感期》之后，孙瑞雪全面阐释儿童生命自我创造历程的教育经典。','http://img3m2.ddimg.cn/95/5/25207772-1_w_3.jpg',0),(406,'我很好啊你怎么样（专享暖萌便签！129幅爆笑漫画，又萌又丧又治愈，388万人打滚推荐。全世界社恐美少女的尬聊指南。）',11,33.00,0,'萌翻2018！轻微社恐、重度拖延、撸猫成瘾……这个人是不是你？388万人打滚推荐：只要看了，你就一定会爱上它。果麦文化 出品','http://img3m9.ddimg.cn/0/17/25206489-1_w_3.jpg',0),(407,'命运：文在寅自传',22,43.00,0,'韩国总统文在寅自传中文版官方授权，文在寅访华官方指定国礼。一个贫民之子的总统之路， 一个政治素人的命运转圜；读懂文在寅，看清半岛未来走向。感动中国读者的亲笔中文版序言+惊曝总统私藏照片60余幅。','http://img3m0.ddimg.cn/65/6/25205960-1_w_3.jpg',0),(408,'伯恩斯新情绪疗法 套装全2册   2017新版',17,86.00,0,'（人民日报“100本值得一读再读的书”。抗抑郁焦虑权威读物！全球畅销逾500万册！70%治愈率，3年不复发！快速、有效克服日常四大难题——抑郁症、焦虑症、拖延症、无效沟通。真正掌控自我...','http://img3m7.ddimg.cn/91/15/25200937-1_w_4.jpg',0),(409,'万能工程师麦克（全20册）',9,268.00,0,'属于所有爱动脑、爱动手的孩子！跟着万 能工程师麦克一起认识世界上各种“聪明”的机器，创造属于自己的机器吧！随书赠送精美主题便签1本。1.4-1.11领券立减40元，数量有限，先到先得！','http://img3m1.ddimg.cn/75/7/25195971-1_w_2.jpg',0),(410,'朋友还是敌人—儿童社交的爱与痛',3,33.00,0,'《纽约时报》畅销书作者汤普森、《游戏力》作者科恩等专家共同为你解读儿童社交生活。尹建莉倾情作序，众多专家鼎力推荐！','http://img3m8.ddimg.cn/50/23/25189808-1_w_5.jpg',0),(411,'胎儿疾病多科会诊指导手册',33,93.00,0,'（胎儿疾病多学科联合诊治的专业指导！）','http://img3m9.ddimg.cn/44/8/25223759-1_w_2.jpg',0),(412,'企业会计准则详解与实务 条文解读 实务应用 案例讲解',7,101.00,0,'严格按照2018年会计准则编写 1项基本准则 41项具体准则 320余个实务案例 100余万字 打通2018版企业会计准则的任督二脉 解决会计实务中的疑难杂症','http://img3m0.ddimg.cn/93/7/25223610-1_w_9.jpg',0),(413,'（新版）阳光姐姐嘉年华-封印男孩的夏天',9,17.00,0,'','http://img3m2.ddimg.cn/84/18/25218552-1_w_3.jpg',0),(414,'丛林故事（中小学新课标必读名著）',10,19.00,0,'','http://img3m5.ddimg.cn/45/12/25217325-1_w_3.jpg',0),(415,'会飞的教室（中小学新课标必读名著）',10,18.00,0,'','http://img3m4.ddimg.cn/44/11/25217324-1_w_3.jpg',0),(416,'夏洛书屋经典版·总有一天会长大',9,15.00,0,'“国际安徒生奖”得主作品，“少年成长类小说”典范之作，著名儿童文学作家梅子涵倾情推荐','http://img3m3.ddimg.cn/84/11/25216473-1_w_3.jpg',0),(417,'白洋淀纪事 名著阅读课程化丛书（统编语文教材配套阅读）七年级上',10,26.00,0,'','http://img3m7.ddimg.cn/84/22/25216077-1_w_3.jpg',0),(418,'养生固本 健康人生（第二版）',33,17.00,0,'一本可听 可看 可观的养生书(全国名中医王新陆教授谈养生)','http://img3m1.ddimg.cn/85/12/25212811-1_w_2.jpg',0),(419,'意林小小姐欢乐联萌系列--养只萌呆镇镇宅6（升级版）',13,17.00,0,'欢乐联盟系列012    随书附赠：“双贱合璧”整蛊书签两张','http://img3m4.ddimg.cn/41/33/25210094-1_w_3.jpg',0),(420,'我哥（精装版，亦舒独家指定授权，亦舒小说系列）',8,22.00,0,'亦舒经典散文作品。每一个成长中的女子都该读一读。其与倪匡、金庸并称“香港文坛三大奇迹”，影响了半个世纪以来的城市女性。金庸、林夕、蔡澜、张国荣推崇备至的女作家。“拿到手里就放不下来，非一口气读完不可”','http://img3m6.ddimg.cn/40/3/25208806-1_w_3.jpg',0),(421,'打动孩子心灵的中国经典-鼹鼠的月亮河',9,20.00,0,'','http://img3m6.ddimg.cn/75/5/25206366-1_w_1.jpg',0),(422,'人机平台：商业未来行动路线图',24,44.00,0,'打造升级版中国制造：人工智能已从概念阶段进入产业、商业化运作阶段，人机平台是传统产业突破瓶颈、新技术公司突破创新的必由之路！吴伯凡、陈威如、埃里克·施密特、里德·霍夫曼等隆重推荐！','http://img3m6.ddimg.cn/4/19/25202236-1_w_3.jpg',0),(423,'哈布斯堡王朝：翱翔欧洲700年的双头鹰',19,49.00,0,'由一个王朝的起伏，感知欧洲大陆千年兴衰。罕有的哈布斯堡家族全史。写作历时近30年，多地寻访，走进操控历史的神秘家族，讲述传奇人物的爱恨情仇，探知家族叱咤风云700年的统治秘密。了...','http://img3m1.ddimg.cn/86/34/25197071-1_w_3.jpg',0),(424,'开店有讲究（当当网独家亲笔签名版）',7,36.00,0,'购独家签名版新书即有机会赢价值12500元的参差梦想学校咖啡管主班培训名额！一间成功的小店，源自有人情味的服务和有认同感的价值观！中国小店运营之父森哥教你开一间情怀和收益齐飞的小店。','http://img3m8.ddimg.cn/53/28/25194068-1_w_5.jpg',0),(425,'朝圣（陈坤、杨幂诚意推荐，全新修订精装典藏）',21,33.00,0,'陈坤、杨幂诚意推荐，全新修订精装典藏','http://img3m7.ddimg.cn/59/32/25153187-1_w_11.jpg',0),(426,'郑天挺西南联大日记（全2册）',19,123.00,0,'比《无问西东》剧情更生动详尽的联大往事。西南联大总务长郑天挺亲笔记录和梅贻琦、陈寅恪、冯友兰、汤用彤、傅斯年、钱穆、林徽因等人的交往。是研究西南联大校史、近代学术史、教育史、文化史、社会史的重要史料。','http://img3m1.ddimg.cn/15/28/25223631-1_w_3.jpg',0),(427,'毓老师说庄子',21,38.00,0,'潜心读书一百年,专注讲学六十载；清朝礼亲王代善裔孙、末代皇帝溥仪伴读、近代传奇人物毓老师,口授心传的私家国学,一代大儒毓老师为您讲述《庄子》这部道家经典,一洗其为衰世之书及庄子逃世之名.','http://img3m4.ddimg.cn/42/25/25222074-1_w_2.jpg',0),(428,'政治文化丛书·历史大棋局——古代雄主用人评略',16,33.00,0,'','http://img3m8.ddimg.cn/12/33/25218678-1_w_3.jpg',0),(429,'风格练习（经典写作课）',8,20.00,0,'','http://img3m8.ddimg.cn/57/8/25216248-1_w_1.jpg',0),(430,'虎啸龙吟',8,37.00,0,'1.吴秀波、刘涛、李晨、张钧甯、唐艺昕、王洛勇、刘欢主演现象级历史剧《虎啸龙吟》正在热播；随书附赠4张官方剧照明信片（共七款）和人物关系表','http://img3m3.ddimg.cn/18/26/25214823-1_w_1.jpg',0),(431,'一粒砂糖里的世界史',19,33.00,0,'一本亲切的历史书，跟随一粒砂糖，看世界何以成为今天的模样，普通人是如何喝上加糖咖啡、吃到美味甜点。','http://img3m3.ddimg.cn/59/35/25209023-1_w_3.jpg',0),(432,'智能时代财务管理',7,51.00,0,'（全彩）畅谈区块链、人工智能等智能时代的新技术将给财务管理带来怎样的改变；美国管理会计师协会ima点赞，15年企业管理与咨询能力升华','http://img3m9.ddimg.cn/59/33/25208429-1_w_2.jpg',0),(433,'琅琊榜（插图珍藏版）（全三册）（一卷风云琅琊榜，囊尽天下奇英才。胡歌、王凯、吴磊 、刘涛主演的古装剧电视剧《琅琊榜》原著小说。）',13,63.00,0,'（一知名画手呼葱觅蒜亲绘插图，12幅经典插图原版珍藏。随书附赠精美立体人物卡片。白马时光）','http://img3m7.ddimg.cn/4/32/25206097-1_w_3.jpg',0),(434,'图说敦煌二五四窟（精装）',26,75.00,0,'（一座曾令张大千、常书鸿、董希文等艺术家为之动容、潜心临摹的北魏特窟；全书248面全彩内文，385幅高清敦煌壁画图片及临摹线描图，扫描书后二维码，可VR浏览窟内全景及两部原创动画阐释影片。）','http://img3m5.ddimg.cn/93/7/25205295-1_w_3.jpg',0),(435,'护士学院杀人事件(当之无愧的当代推理大师P.D. 詹姆斯！)',8,44.00,0,'当之无愧的当代推理大师P.D. 詹姆斯！她是美国推理作家协会“大师奖”、英国犯罪小说协会“钻石匕首”终身成就奖得主。被请进“国际犯罪小说名人堂”的第三位作家。以我的一切发誓，这次一定要保护你。读客出品','http://img3m6.ddimg.cn/88/0/25204696-1_w_3.jpg',0),(436,'植物大战僵尸2·恐龙漫画 深海狩猎者',9,25.00,0,'火爆全球的经典游戏遇上中生代的神奇生物恐龙，一场惊心动魄的大冒险开始了！美国EA公司正版授权，笑江南团队编绘，北京自然博物馆专家审订，趣味性和知识性兼顾的漫画书！适合7-12岁儿童。','http://img3m8.ddimg.cn/57/32/25201398-1_w_2.jpg',0),(437,'欧也妮?葛朗台（精装版 傅雷译作）',10,19.00,0,'巴尔扎克伟大的悲剧小说，《人间喜剧》奠基之作，教育部语文新课标文学经典，高清原版插图，法文翻译大家傅雷译作代表，110周年纪念精装珍藏版！','http://img3m6.ddimg.cn/77/0/25200626-1_w_3.jpg',0),(438,'白蛇疾闻录（赠价值99元的2018新春大礼包，内含春联，窗花，福字，台历，红包）',13,39.00,0,'创作鬼才马伯庸又一力作，前800位顾客下单即赠价值99元的2018新春大礼包，内含春联，窗花，福字，台历，红包。','http://img3m3.ddimg.cn/74/22/25226363-1_w_3.jpg',0),(439,'意林小小姐淑女文学馆浪漫星语--水瓶座②：星舞飞扬少年蓝（升级版）',13,17.00,0,'随书附赠：心愿珍集卡+12星座心情记录表','http://img3m3.ddimg.cn/35/26/25224443-1_w_3.jpg',0),(440,'中国汉字的故事',18,29.00,0,'','http://img3m9.ddimg.cn/98/14/25224209-1_w_3.jpg',0),(441,'毓老师说老子',21,47.00,0,'潜心读书一百年,专注讲学六十载；清朝礼亲王代善裔孙、末代皇帝溥仪伴读、近代传奇人物毓老师,口授心传的私家国学，一代大儒毓老师为您讲述《老子》这部为人处世上佳之术的书,字字见谛,通俗入妙。','http://img3m2.ddimg.cn/40/23/25222072-1_w_3.jpg',0),(442,'新零售的未来',7,59.00,0,'深耕零售的资本企业家翁怡诺诚意力作，勾勒新零售未来图景，揭秘国际零售巨头进化之道，高瓴资本创始人兼CEO张磊，中国连锁经营协会会长郭戈平专文推荐！','http://img3m9.ddimg.cn/96/25/25217079-1_w_3.jpg',0),(443,'爱和自由',3,23.00,0,'全新增订第5版隆重上市！补充了孙瑞雪关于儿童成长和敏感期研究的全新内容。荣获新闻出版总署全民阅读活动2010年度“大众喜爱的50种图书”奖；千万个父母因此书而彻底改变，他们“心灵受到震撼，感动而愧疚”','http://img3m0.ddimg.cn/93/3/25207770-1_w_3.jpg',0),(444,'原谅我眼里满是人间烟火（攻星记系列，准到骨子里，说到心坎上）',13,24.00,0,'自己说不出口的，总希望别人能问一问。满脸的生人勿进，却对熟人不要命的好。能让你脱胎换骨的自愈自乐读本。卢思浩式的治愈、刘同式的指点。附赠专属卡片和作者写给金牛座的亲笔信。','http://img3m5.ddimg.cn/76/19/25206565-1_w_6.jpg',0),(445,'孤独星球Lonely Planet旅行指南系列-IN·上海（第二版）',34,59.00,0,'在黄浦江沿岸走一走，“魔都”的光影声色、岁月沉浮尽在眼前。','http://img3m3.ddimg.cn/51/30/25206243-1_w_3.jpg',0),(446,'素书—无障碍阅读插图本（初中生课外书目）',10,31.00,0,'无障碍阅读，专家精译，足本定本，古为今用，唯美珍藏插图本。中国谋略奇书，以道家为宗，集儒、法、兵思想为一体的智慧巨作，持家治国，修身处世，中国智囊团必读书， 被评为“十大优秀国学图书”。','http://img3m7.ddimg.cn/80/25/25199837-1_w_4.jpg',0),(447,'阿西莫夫科幻经典（套装共3册）(神们自己+永恒的终结+机器人短篇全集)',8,92.00,0,'科幻巨匠阿西莫夫被公认的经典巨作！关于平行宇宙的一切、关于时间旅行的终极奥秘和恢宏构想、“机器人学三大法则”的起源！读客出品','http://img3m2.ddimg.cn/24/8/25196712-1_w_3.jpg',0),(448,'寻找中国巴菲特(民间股神)：寒夜亮剑  五个从 “股市乞儿”到亿万富豪的传奇故事',29,53.00,0,'著名财经作家白青山搁笔6年之后全新力作, 谨以此书献给历经2015～2016年 3次股灾的万千投资者：寒夜已逝，曙光不远！','http://img3m8.ddimg.cn/32/9/25227608-1_w_3.jpg',0),(449,'城南旧事',10,27.00,0,'','http://img3m8.ddimg.cn/72/19/25218738-1_w_1.jpg',0),(450,'白杨往事（当当专享签名本）',13,26.00,0,'（人气黑马作家长宇宙全新情深力作。爱是衰老，是垂死，是壮烈，爱是一辈子。宁小诚&蒋晓鲁。增加全新番外，随书附赠“良缘永结”卡。白马时光）','http://img3m7.ddimg.cn/35/26/25217117-1_w_3.jpg',0),(451,'相爱有归期',13,24.00,0,'当当专享限量签名本 但愿爱不迷路，执手有归途。情感作家涤尘犀利之作，直击甜蜜爱情背后的婚姻琐碎。随书附赠精美日历明信片。——酷威文化','http://img3m2.ddimg.cn/66/3/25215762-1_w_6.jpg',0),(452,'寂静的春天（初中语文课外阅读经典读本 教育部推荐中小学生新课标必读名著）',10,25.00,0,'（教育部新编初中语文教材指定阅读图书，开启世界环境运动的奠基之作，20世纪颇具影响力的书籍之一，“自然文学”三部曲之一）','http://img3m5.ddimg.cn/11/25/25212935-1_w_2.jpg',0),(453,'迷人的流浪',8,29.00,0,'海明威盛赞的经典作品《夜航西飞》作者、被称为非洲的自由传奇柏瑞尔?马卡姆遗世之作，中国大陆首次出版，精装上市。它向人们的灵魂深处投下*明亮的一道光，让人们看到自己从未感知过的勇气。','http://img3m2.ddimg.cn/24/21/25211562-1_w_2.jpg',0),(454,'我选择独自一人',12,29.00,0,'让我独自痛苦，让我自己痊愈，让我一个人——法国女性文学的重要里程碑，出版八十余年几经再版、搬演，感动世界各地万千女性。','http://img3m2.ddimg.cn/18/21/25206012-1_w_3.jpg',0),(455,'穿衣的基本',30,53.00,0,'献给想要真正实现衣品跃升的女人。好莱坞资深服装设计师20年秘籍，《纽约时报》超级畅销书 选购、造型、裁剪、面料、保养、衣橱管理……掌握精髓从基本开始 干货技巧快速掌握，个人衣品跃升，穿出高级感','http://img3m7.ddimg.cn/94/10/25202227-1_w_7.jpg',0),(456,'《老照片》第115辑',19,15.00,0,'','http://img3m8.ddimg.cn/96/18/25200348-1_w_3.jpg',0),(457,'鬼谷子—无障碍阅读插图本（初中生课外书目）',10,28.00,0,'无障碍阅读，专家精译，足本定本，古为今用，唯美珍藏插图本。智慧之禁果，旷世之奇书，运筹帷幄的智慧宝典、决胜千里的实用指南。','http://img3m2.ddimg.cn/65/10/25199822-1_w_4.jpg',0),(458,'微反应心理学：实战版',17,27.00,0,'瞬间看懂他人真实意图的人际交往心理策略。近百个案例解析，教你瞬间洞悉他人头部、面部、腿部等身体动作背后的内心动向。内附6张手部微反应识别卡，帮你精准辨人识人，随时随地说服他人...','http://img3m2.ddimg.cn/67/15/25197052-1_w_3.jpg',0),(459,'菩提生香（全二册）',13,45.00,0,'当当独家签名本 当红作者尤四姐超高人气作品  网络原名《玄中魅》 长期稳居晋江各大榜单榜首','http://img3m0.ddimg.cn/13/3/25194820-1_w_7.jpg',0),(460,'童年与社会',17,66.00,0,'“世图心理”大师彩虹书系015：二十世纪更伟大的心理学家、普利策奖得主、美国国家图书奖得主埃里克森成名作！致缺乏身份感的你！','http://img3m7.ddimg.cn/39/30/25224447-1_w_3.jpg',0),(461,'活在此时此刻（一行禅师修行手记）',21,34.00,0,'一本教你活出生命意义的灵性之书！每一个故事都是一行禅师真实的生活经历，他向我们展示正念地活在此时此刻的意义，安住当下，获得内心的平静和此刻的丰盛。赖声川、梁文道、张德芬、奥普拉推崇的佛教禅宗大师。','http://img3m9.ddimg.cn/97/34/25223119-1_w_3.jpg',0),(462,'格林童话选 彩绘注音新版（新课标大阅读丛书）',10,14.00,0,'由新课标制定者选编的经典丛书，课外阅读的必备经典，文学修养的文库；随文注音，精美插图，字词注释，无障碍阅读','http://img3m5.ddimg.cn/18/23/25217595-1_w_2.jpg',0),(463,'有匪君子，终不可谖兮',13,33.00,0,'畅销言情天后夏忆然异国纯爱故事，相遇不问结局，别离不问归期，爱过不要忘记。','http://img3m8.ddimg.cn/1/24/25215598-1_w_1.jpg',0),(464,'首席高参18',7,27.00,0,'风靡全国的长篇官场小说，起点白金作家瑞根的扛鼎巨作。','http://img3m1.ddimg.cn/39/10/25211181-1_w_3.jpg',0),(465,'梦溪石：麟趾（套装全三册当当独家亲笔签名版）',13,74.00,0,'晋江大神 梦溪石 精诚新作   已识乾坤大，犹怜草木青。 身残不损心志，平天下，保家国，尽在梦溪石新作《麟趾》。','http://img3m4.ddimg.cn/37/31/25210684-1_w_5.jpg',0),(466,'子夜-浙教版',10,21.00,0,'文学巨匠茅盾长篇小说代表作。媲美《追忆似水年华》《百年孤独》的杰作。  《子夜》已被译成英、德、俄、日等十几种文字，在世界文坛上占有一席之地。','http://img3m9.ddimg.cn/43/6/25208809-1_w_3.jpg',0),(467,'柏林记忆 : 逃离悲恸之地',19,54.00,0,'（一部俄国流亡贵族书写的私人“二战”史,一出极权帷幕下真实上演的《乱世佳人》）','http://img3m6.ddimg.cn/83/19/25208156-1_w_4.jpg',0),(468,'女生徒',10,30.00,0,'以忧郁温柔的笔触，书写世人内心对幸福的渴望 生而为人，我很抱歉。——太宰治','http://img3m7.ddimg.cn/63/9/25200117-1_w_3.jpg',0),(469,'今天也吸收了猫能量（附赠便签本）',11,27.00,0,'日本人气漫画博主卵山玉子作品，猫主子小吨和小忍的宠溺日常，在日本受到万众瞩目，累计销量已突破20万册。','http://img3m8.ddimg.cn/3/34/25195998-1_w_3.jpg',0),(470,'和孩子共读的国学启蒙（笠翁对韵+声律启蒙）套装共2册',9,93.00,0,'（大师纯美画作珍藏版，拼音详注，400条趣味典故，启迪孩子心中的慧性！千古诗词之童唱，草木鱼虫、天文地理之典故，声韵之气，汉语始初之美。匠心勘误，童心配图，雅心装帧；大开本，全彩图文，珍藏精选！）','http://img3m8.ddimg.cn/38/36/25193558-1_w_3.jpg',0),(471,'听见颜色的女孩+丢了影子的女孩 美国年度教师校园推荐',9,30.00,0,'','http://img3m2.ddimg.cn/79/7/25176472-1_w_1.jpg',0),(472,'给所有昨日的诗',12,31.00,0,'（诺贝尔文学奖得主 辛波斯卡 一部诗人向万物告别的经典之作）','http://img3m0.ddimg.cn/15/35/25225710-1_w_3.jpg',0),(473,'眼中星',13,25.00,0,'知名作家蓝淋全新娱乐圈题材作品 《同学关系？》作者子雾啊绘制封面 收入全新独家番外 随书赠子雾啊绘制明信片加五子析绘制明信片','http://img3m7.ddimg.cn/22/11/25212847-1_w_3.jpg',0),(474,'奋斗者：侯沧海商路笔记2',8,33.00,0,'小桥老树《侯卫东官场笔记》兄弟篇，公务员下海记。一部民企教父的商路传奇奋斗史，中国商业大佬们的另类传记，写透高手们白手起家的商业智慧、手腕、谋略。在跌宕起伏的时代变迁20年中见识一个民企教父的热血发家','http://img3m6.ddimg.cn/25/12/25212256-1_w_2.jpg',0),(475,'肩上的童年',9,23.00,0,'解读曹文轩小说的神奇钥匙','http://img3m2.ddimg.cn/6/16/25211742-1_w_3.jpg',0),(476,'重读毛泽东，从1893到1949',16,60.00,0,'从思想史、学术史和中国社会科学发展史的角度研究*','http://img3m4.ddimg.cn/86/36/25208654-1_w_2.jpg',0),(477,'他看见你的声音之未亡人（实力悬情作家殷寻人气法医推理言情系列终结篇。）',13,22.00,0,'（西山深处，古寨天玄，未亡人醒，秘密重生。随书附赠作者寄语《致亲爱的你》。白马时光）','http://img3m7.ddimg.cn/60/24/25201797-1_w_3.jpg',0),(478,'知中·宇宙之道，就在围棋',18,48.00,0,'棋盘即宇宙，棋局如人生。围棋不只是胜负游戏，更是东方哲学的注解。','http://img3m5.ddimg.cn/55/8/25198525-1_w_2.jpg',0),(479,'女人越独立，活得越高级（亲笔签名版）',6,32.00,0,'大众闺蜜&情感女王，苏芩全新力作！女神逐步进阶技巧；行之有效的独立法则；治愈你的不自信根源；魅力女性六步蜕变提升之路，写给每一位想要独立的女性。女人只有不断自我升级，才能遇到更高级的浪漫。','http://img3m0.ddimg.cn/59/23/25194470-1_w_3.jpg',0),(480,'大中华寻宝系列8 浙江寻宝记 我的第一本科学漫画书',9,19.00,0,'了解中华大地的人文与地理，在寻宝中探索中华文化精华！','http://img3m6.ddimg.cn/55/33/25176646-1_w_3.jpg',0),(481,'蜗牛看西游：揭秘取经背后的五十个谜团（独家签名版）',18,29.00,0,'六神磊磊、许镜清、李天飞、张苗等力荐。自媒体大号“蜗牛看西游”首次结集，50篇精选文章，用独特视角讲述鲜为人知的西游故事，用犀利语言解读取经背后的社会人生。内附多张趣味插图，逐一破解《西游记》种种谜团','http://img3m9.ddimg.cn/20/33/25227299-1_w_5.jpg',0),(482,'彼得堡（双头鹰经典）',8,63.00,0,'迄今*完整中文译本，纳博科夫*欣赏的20世纪西方四大名著之一，入选《理想藏书》和布鲁姆《西方正典》书单，作者与乔伊斯、加缪、卡夫卡齐名的俄罗斯文学巨匠','http://img3m3.ddimg.cn/34/17/25218403-1_w_3.jpg',0),(483,'不懂带团队，你就自己干到死——哈佛商学院备受欢迎的团队管理课程',7,34.00,0,'(专门为中国管理者量身打造的团队管理精英课，教你将平庸团队打造成王牌之师，将“无用庸才”变“得力干将”。少走5年弯路，提高10倍效率的高效管理法则。哈佛商学院备受欢迎的团队管理课程。)','http://img3m0.ddimg.cn/59/29/25218230-1_w_3.jpg',0),(484,'给青年的十二封信（中小学新课标必读名著）',10,12.00,0,'','http://img3m0.ddimg.cn/1/2/25216390-1_w_2.jpg',0),(485,'粗糙食堂（当当独家亲笔签名版）',35,33.00,0,'给懒人、穷人、一个人的手绘食谱。一口锅搞定一日三餐完全指南。107道家常美味，随便做，都好吃。','http://img3m2.ddimg.cn/13/30/25206502-1_w_13.jpg',0),(486,'独立日4：我能去你家看看吗？',36,40.00,0,'（资深家居达人倪倪&专业家居摄影师霍城首部作品！解读家居美学。范冰冰、海清、青山周平、庄雅婷、反裤衩阵地鼎力推荐。三联生活书店出品！）','http://img3m9.ddimg.cn/56/10/25206149-1_w_3.jpg',0),(487,'孤王寡女5御天行（共2册）',13,41.00,0,'禁欲系高冷孤王VS幽默毒舌活泼少女，芳华未逝，相思已罢，生死之谜，八卦疑局，终如尘埃落定，新增万字番外，完美终结！附赠精美古风明信片、书签！','http://img3m9.ddimg.cn/36/17/25203159-1_w_3.jpg',0),(488,'熬过最难熬的日子，便是阳光满地',6,27.00,0,'被众多高净值客户喻为华人地区的“财富教练”、下一代的“财商教父”。著有《有钱人都是这样买基金》《让你赚钱》等财经畅销书。同时，也是众多财经媒体的咨询顾问及多家财经杂志专栏作家。','http://img3m5.ddimg.cn/22/3/25203145-1_w_8.jpg',0),(489,'《香蜜沉沉烬如霜》影视版',13,38.00,0,'杨紫、邓伦倾情出演影视剧原著小说，人气作家电线仙侠五星口碑之作！套装全二册！6款主角Q版书签附赠2枚！','http://img3m8.ddimg.cn/61/25/25201798-1_w_3.jpg',0),(490,'梁衡评点中国历史人物',16,37.00,0,'','http://img3m1.ddimg.cn/10/3/25199371-1_w_2.jpg',0),(491,'直到我们建起了耶路撒冷',19,49.00,0,'一座新城的缔造者们','http://img3m5.ddimg.cn/82/34/25198255-1_w_5.jpg',0),(492,'游戏数据分析实战',28,61.00,0,'支持逾50个游戏项目的实战总结，盛大游戏数据分析专家，深刻讲解了游戏数据分析的理论、方法、工具及与业务深度结合的特性','http://img3m1.ddimg.cn/28/35/25196221-1_w_6.jpg',0),(493,'爱丽丝梦游奇境',9,76.00,0,'罕见的名著珍藏版，名译名绘。跨越150年，译成125种语言，一部自我探索、独立成长、想象力培养的永恒经典！语文新课标书目，著名翻译家黄健人新译本，一字未删。独家绘制200幅如梦插画，附赠名家解读手册。','http://img3m5.ddimg.cn/60/25/25191105-1_w_3.jpg',0),(494,'炮楼（当当独家海报版）晋江金牌大神级作家巫哲《撒野》之后，再掀百万粉丝追文狂潮！以细腻笔触，写尽悲欢离合',13,26.00,0,'这是一个关于江湖大佬齐越X叛逆大学生顾中相互陪伴、共同成长的友爱故事。巫哲罕见神秘作品，书中含哎呀呀彩插！《少年绘》独家重磅连载一年。','http://img3m2.ddimg.cn/94/19/25182922-1_w_9.jpg',0),(495,'浩荡两千年：中国企业公元前7世纪—1869年（十年典藏版）',7,43.00,0,'2012读书盛典年度影响力图书，吴晓波经典作品，历代经济变革得失完本。两千多年的中国企业史，归根到底是一部政商博弈史。','http://img3m3.ddimg.cn/89/30/25180343-1_w_3.jpg',0),(496,'人本无病：行贵禅医悟语2（超级畅销书《心乃大药》作者释行贵禅医2018开年最新力作！这是一本医心的书，这是一本励志的书，这是一本治病的书，这是一本救命的书！）（双色插图版）',14,38.00,0,'超级畅销书《心乃大药》作者释行贵禅医2018开年*力作！这是一本医心的书，这是一本励志的书，这是一本治病的书，这是一本救命的书！（双色插图版）','http://img3m7.ddimg.cn/10/18/25229467-1_w_3.jpg',0),(497,'西游：决战花果山',13,30.00,0,'*家签名本；华语奇幻青春文学，对传统名著的另类解读。亿万粉丝热泪推荐，今何在《悟空传》十年之后，又一佳作天成。 全新演绎西游，感动全面来袭！ 这是我们的西游，这是我们曾经的样子。与天斗，与地斗，','http://img3m8.ddimg.cn/13/31/25217788-1_w_3.jpg',0),(498,'蒙台梭利早教经典（全五册：发现孩子+童年的秘密+有吸收力的心灵+蒙台梭利早期教育法+蒙台梭利儿童教育手册）',27,61.00,0,'蒙氏教育经典、核心著作，理论+实操，深刻揭示儿童成长规律，全面阐释蒙氏教育理念','http://img3m8.ddimg.cn/47/7/25215248-1_w_1.jpg',0),(499,'奥特怪兽绘本（全四册）',9,104.00,0,'每个男孩心中都有一个奥特曼！宽容，信任，勤奋，欢乐，日本圆谷制作株式会社正版授权！手绘版奥特曼图书除了这里，哪也见不到！','http://img3m6.ddimg.cn/22/18/25214926-1_w_10.jpg',0),(500,'舒云集（精装版，亦舒独家指定授权，亦舒小说系列）',8,24.00,0,'亦舒经典散文作品。每一个成长中的女子都该读一读。其与倪匡、金庸并称“香港文坛三大奇迹”，影响了半个世纪以来的城市女性。金庸、林夕、蔡澜、张国荣推崇备至的女作家。“拿到手里就放不下来，非一口气读完不可”','http://img3m5.ddimg.cn/39/2/25208805-1_w_2.jpg',0),(501,'迪士尼流利阅读第2级 寻梦环游记',9,22.00,0,'迪士尼官方授权正版图书！喜获75届美国金球奖zui佳动画片！国内汉语分级读物标杆图书全文加注拼音，阅读难度对应小学二年级语文教材！儿童阅读专家王林审定推荐！','http://img3m8.ddimg.cn/38/30/25206428-1_w_3.jpg',0),(502,'请记住：日事日清',7,41.00,0,'2018“日清工作法”效率套装：《请记住：日事日清》+2018效率手册，管理时间、管理自己、管理人生的第 一步。','http://img3m9.ddimg.cn/5/8/25205999-1_w_6.jpg',0),(503,'暖暖的女人更美丽',14,27.00,0,'寒是女人身体一切麻烦的根源，身体温暖的女人比同龄人年轻10岁以上。改变虚寒体质，彻底摆脱手脚冰凉、怕冷、脸色差、痛经、失眠、长斑、肥胖、便秘等烦恼。不冷不痛不烦恼，一辈子做个暖美人。','http://img3m0.ddimg.cn/36/11/25205040-1_w_3.jpg',0),(504,'你来人间一趟，你要发光发亮',12,25.00,0,'你总认为自律很难，因为你不知道自律之后到底有多爽。每天翻几页，这本书就有力量，让你在三个月与同龄人拉开距离','http://img3m8.ddimg.cn/81/8/25201818-1_w_3.jpg',0),(505,'打动孩子心灵的世界经典童话—小飞侠彼得·潘',9,21.00,0,'一流译者翻译，全彩大16开美绘本，字大图多，超值阅读体验','http://img3m5.ddimg.cn/0/23/25200945-1_w_1.jpg',0),(506,'加油！小米啦?家里来了一个很棒的客人',9,19.00,0,'','http://img3m1.ddimg.cn/64/0/25200811-1_w_3.jpg',0),(507,'刑事审判参考（总第108集） ',31,30.00,0,'刑事审判工作指导，刑事诉讼工作侦查、检察、审判人员及刑事律师常备用书','http://img3m4.ddimg.cn/50/5/25199114-1_w_3.jpg',0),(508,'哑舍大画集1（再版）',11,47.00,0,'（当当限量签名版！《哑舍》畅销画集精装典藏纪念版惊艳归来！独家定制版布袋随书赠送）','http://img3m9.ddimg.cn/34/10/25198009-1_w_3.jpg',0),(509,'叙利亚战争启示录',16,29.00,0,'前言军事理论家、国防大学教授、空军少将乔良作序推荐胆略、智慧、实力，一个大国进入世界政治博弈中心的资本。精准分析“混合战争”新态势，解读战争外交的大国智慧。深度剖析俄罗斯“新...','http://img3m6.ddimg.cn/1/14/25197976-1_w_3.jpg',0),(510,'书法没有秘密',26,70.00,0,'《书法没有秘密》再出典藏本。当当专享钤印本。跟随书法家寇克让先生，领略黑白世界中的缤纷与神妙。','http://img3m4.ddimg.cn/74/36/25197554-1_w_3.jpg',0),(511,'碟形世界6：实习女巫和王冠（比《哈利·波特》和《魔戒》加起来还好看的，可能只有《碟形世界》）',9,38.00,0,'比《哈利·波特》和《魔戒》加起来还好看的，可能只有《碟形世界》！系列书囊括卡内基儿童文学奖、美国图书馆协会终身成就奖等多项儿童文学大奖，已被翻译成37种语言出版。魔法很强大，但你自己更强大。读客出品','http://img3m6.ddimg.cn/75/21/25196466-1_w_2.jpg',0),(512,'沈氏女科600年：女人肾好不衰老（附赠小册子）',14,28.00,0,'养生堂节目重要嘉宾、有600年历史的沈氏女科第二十代传人沈宁继《沈氏女科600年：女人会养不会老》热销后推出全新作品，教女性对抗衰老的实用妙方。','http://img3m3.ddimg.cn/8/2/25196003-1_w_3.jpg',0),(513,'一个人的村庄（自然文学大师刘亮程，以巫术般有能量的文字，带每一个人回归自然、认领故乡；“一个听烦市嚣的人，躺在田野上听听虫鸣，该是多么幸福。”）',12,51.00,0,'自然哲理不输《瓦尔登湖》，魔幻气质堪比马尔克斯。中国人的自然文学经典。果麦文化 出品','http://img3m3.ddimg.cn/22/32/25193443-1_w_5.jpg',0),(514,'大侦探福尔摩斯第3辑(全4册）（新版）',9,53.00,0,'专属于小学生的福尔摩斯探案集！名编剧与畅销动漫画家强强联手，以孩子喜爱的方式呈现经典的魅力，让孩子萌发求知的兴趣，点燃探索的激情！（心喜阅童书出品）','http://img3m8.ddimg.cn/8/23/25187588-1_w_6.jpg',0),(515,'给孩子的自然图鉴（全2册）',9,156.00,0,'收藏版自然图鉴，孩子从识图、认知到自主阅读的伴侣书；精心呈现700多种动植物的生命形态，让自然之美陪伴孩子成长；获韩国优秀科学图书奖、优秀教养图书奖、优秀儿童图书特别奖。','http://img3m9.ddimg.cn/80/23/25169939-1_w_3.jpg',0),(516,'人际交往心理学：教你如何看透玄妙，洞察人性',6,24.00,0,'世界如此险恶，你不要太单纯','http://img3m5.ddimg.cn/1/4/25169365-1_w_4.jpg',0),(517,'耕林童书馆 坏家伙系列（套装4册 英雄集结/使命必达/毛球反击/僵猫来袭）',9,64.00,0,'（流行欧美的图像小说，好莱坞正在筹拍同名电影，满满的正能量，小心会笑破裤裆哦！ ）','http://img3m3.ddimg.cn/89/36/25167473-1_w.jpg',0),(518,'良陈美锦（全2册）',13,39.00,0,'当当专享签名本 人气作者沉香灰烬成名作， 媲美《知否？知否？应是绿肥红瘦》的经典古言宅斗大戏。 连续数月占据起点VIP总榜前三， 累积收藏超13W+，总订阅300W+，点击量超千万。 酷威文化','http://img3m8.ddimg.cn/67/31/25231108-1_w_3.jpg',0),(519,'美国经典影像教程（第2版）',33,110.00,0,'(美国亚马逊影像书籍排行榜持续畅销10年)','http://img3m5.ddimg.cn/18/7/25227495-1_w_3.jpg',0),(520,'从北京到斯坦福——北京女孩手把手教你申请常青藤大学',6,45.00,0,'','http://img3m3.ddimg.cn/48/11/25219803-1_w_2.jpg',0),(521,'好好说话：别输在不会表达上',6,33.00,0,'说让人喜欢的话，做让人喜欢的人。颇具中国特色的说话艺术，专治不敢讲话、不会讲话、不善讲话，学会用语言来改变自己，改变命运！汪涵、何炅、董卿赖以成名的说话技巧，马云、史玉柱、李开复一直在用的说话诀窍。','http://img3m1.ddimg.cn/60/30/25218231-1_w_3.jpg',0),(522,'学习十九大报告：经济50词（团购致电：010-57993483/57993149）',16,30.00,0,'','http://img3m5.ddimg.cn/72/0/25213095-1_w_1.jpg',0),(523,'我在三十岁的第一年',8,26.00,0,'一部活色生香的都市女子生存图鉴，在成年人的世界，你必须学会的奇妙规则。10年情感专栏作者毛利首部长篇都市爱情小说。','http://img3m0.ddimg.cn/94/2/25210840-1_w_3.jpg',0),(524,'四月女友',13,27.00,0,'《你的名字。》《告白》电影制作人、《如果世上不再有猫》作者川村元气全新力作。知名导演新海诚、人气演员星野源倾心推荐。我想把失去的东西找回来，即便那只剩下碎片。在平平淡淡的日常中，带着爱生活下去。','http://img3m6.ddimg.cn/87/21/25207566-1_w_3.jpg',0),(525,'安阳（冯唐首部短篇小说集。收录全新序言。原汁原味未删节/关于权谋、情欲、历史悬疑的精妙寓言。八个故事，天马行空，风骚腥鲜。）',8,36.00,0,'冯唐用一身非法的才情，探索语言的极限与边缘。这本书是一个文字实验室、一场纵情恣意的挥洒、一次天马行空的大梦。带你体验一场光怪陆离的冒险。圆脊精装、烫金工艺/原名《天下卵》。 果麦文化 出品','http://img3m8.ddimg.cn/87/8/25207368-1_w_3.jpg',0),(526,'超强记忆',17,32.00,0,'东尼?博赞授予其“世界记忆大师”称号，圆周率小数点后10000位记忆测试16分38.35秒世界纪录保持者，凯文?霍斯利25年记忆研究方法倾情巨献，世界记忆总冠军教练、世界记忆大师袁文魁点赞推','http://img3m2.ddimg.cn/29/11/25207112-1_w_3.jpg',0),(527,'我和这个世界不熟（攻星记系列，准到骨子里，说到心坎上）',13,24.00,0,'被人暖一下就发热，被人冷一下就成冰。容易一见钟情，也容易掉头就跑。能让你脱胎换骨的自愈自乐读本。卢思浩式的治愈、刘同式的指点。附赠专属卡片和作者写给射手座的亲笔信。','http://img3m3.ddimg.cn/26/19/25206713-1_w_5.jpg',0),(528,'小巴掌童话精选集（注音·全彩·美绘）（新定价）',9,18.00,0,'张秋生经典小巴掌童话作品，入选全国多所小学推荐阅读书目，荣获第二届全国优秀儿童文学奖。','http://img3m9.ddimg.cn/60/30/25203579-1_w_4.jpg',0),(529,'小兔汤姆系列（第五辑）（全4册）',9,30.00,0,'','http://img3m8.ddimg.cn/14/25/25201058-1_w_3.jpg',0),(530,'斯通纳',8,38.00,0,'（即使不能拥有完美的生活，所幸追求过完整的自我。蒙尘50年后回归大众视野的文学经典。汤姆·汉克斯，麦克尤恩激赏推荐。）','http://img3m6.ddimg.cn/24/29/25199286-1_w_4.jpg',0),(531,'神经漫游者三部曲（套装全3册）(科幻小说宗师、赛博朋克之父威廉.吉布森的经典名作)',8,82.00,0,'科幻小说宗师威廉·吉布森的经典代表作！“赛博朋克”小说流派的开山之作！《黑客帝国》和《攻壳机动队》的灵感来源！读客出品','http://img3m1.ddimg.cn/23/7/25196711-1_w_3.jpg',0),(532,'全职高手17——挺进四强',13,36.00,0,'精美大海报。 首刷限定赠品：十款角色签名版烫金明信片（随机一款）','http://img3m7.ddimg.cn/29/12/25229387-1_w_1.jpg',0),(533,'汪曾祺散文集：人间知味',12,26.00,0,'（2018年全新编校注释图文典藏版！跨越传统和当代两个世系的作家，一支笔勾勒出记忆中的中国，一支笔击中新时期的人心！沈从文、金庸、贾平凹、苏童、曹文轩等推荐！收录《人间草木》等经典散文）','http://img3m5.ddimg.cn/86/7/25229345-1_w_2.jpg',0),(534,'意林：小小姐公主天下系列6--海盐公主·鸾凤引（壹）（升级版）',13,17.00,0,'随书附赠精美公主珍藏卡一张','http://img3m7.ddimg.cn/29/20/25224437-1_w_3.jpg',0),(535,'小镇喧嚣：一个乡镇政治运作的演绎与阐释',23,51.00,0,'（以迎检、开发、收税、征地、维权等鲜活故事，讲述基层政权、村级组织和农民的博弈共生。三联生活书店诚意出品）','http://img3m0.ddimg.cn/11/13/25220360-1_w_3.jpg',0),(536,'暮云深',8,32.00,0,'权谋比肩《琅琊榜》，宫斗胜过《甄嬛传》，晋江大神戎葵开山之作，一代网文读者心中的古言*！','http://img3m5.ddimg.cn/97/12/25216585-1_w_3.jpg',0),(537,'野性的呼唤（杰克·伦敦小说选，也译作“荒野的呼唤”。动物小说典范，无删减全译本）',8,18.00,0,'当生活把你逼成了一头狼，那就像狼一样自由而热烈地活着！一只狗的故事，却是人的世界，豆瓣9.0分','http://img3m2.ddimg.cn/94/18/25215592-1_w_1.jpg',0),(538,'我在伏龙芝学军事',16,35.00,0,'张召忠、戴 旭、罗援、彭光谦、陈舟、杜文龙盛情推荐！ 解密俄罗斯战斗民族的军事传统、战略思维和民族性格。 探讨一流军队建设之道。','http://img3m4.ddimg.cn/83/6/25215284-1_w_3.jpg',0),(539,'给孩子的唯美唐诗（彩绘有声版，全2册）',9,42.00,0,'诵读唯美唐诗，开启文学性灵，打好国学基本功。中国诗词大会通关宝典。精选110首经典唐诗篇目，搭配200余幅唯美典雅的手绘插图，为你解诗、绘诗，陪孩子一起发现生活中的诗意，感受生活的生动明亮。','http://img3m6.ddimg.cn/24/14/25213146-1_w_3.jpg',0),(540,'经典民间故事图画书大师绘本馆杨永青-曹冲称象',9,35.00,0,'大师毛笔宣纸手绘! 大师手绘的优美图画典雅再现流传千年神话故事，丹青恒久远，经典永流传。大开本孩子阅读更轻松，杨永青老先生一生追求绘画精品孜孜不倦的精神适合孩子传承。强烈推荐。','http://img3m2.ddimg.cn/78/27/25212012-1_w_3.jpg',0);
/*!40000 ALTER TABLE `Book` ENABLE KEYS */;
UNLOCK TABLES;

--
-- Table structure for table `Book_Type`
--

DROP TABLE IF EXISTS `Book_Type`;
/*!40101 SET @saved_cs_client     = @@character_set_client */;
/*!40101 SET character_set_client = utf8 */;
CREATE TABLE `Book_Type` (
  `BookType_ID` int(12) NOT NULL AUTO_INCREMENT,
  `BookType_Name` varchar(255) NOT NULL,
  `BookType_FID` int(12) unsigned DEFAULT '0' COMMENT '拥有子类的父类为0\n否则为1，\n子类其FID为父类ID',
  PRIMARY KEY (`BookType_ID`),
  UNIQUE KEY `BookType_ID_UNIQUE` (`BookType_ID`),
  UNIQUE KEY `BookType_Name_UNIQUE` (`BookType_Name`)
) ENGINE=InnoDB AUTO_INCREMENT=37 DEFAULT CHARSET=utf8;
/*!40101 SET character_set_client = @saved_cs_client */;

--
-- Dumping data for table `Book_Type`
--

LOCK TABLES `Book_Type` WRITE;
/*!40000 ALTER TABLE `Book_Type` DISABLE KEYS */;
INSERT INTO `Book_Type` VALUES (2,'亲子',0),(3,'家教',2),(5,'成功',0),(6,'励志',5),(7,'管理\n',0),(8,'小说\n',1),(9,'童书\n',1),(10,'中小学教辅\n',1),(11,'动漫\n',1),(12,'文学\n',0),(13,'青春文学',12),(14,'保健',1),(15,'休闲',1),(16,'政治',1),(17,'心理学\n',1),(18,'文化\n',1),(19,'历史\n',1),(20,'哲学\n',0),(21,'宗教\n',20),(22,'传记\n',1),(23,'社会科学',1),(24,'经济',1),(25,'科普读物\n',1),(26,'艺术\n',1),(27,'早教',2),(28,'计算机网络',1),(29,'投资理财\n',1),(30,'时尚美妆 ',1),(31,'法律\n',1),(32,'工具书',1),(33,'医学',1),(34,'旅游地图\n',1),(35,'烹饪美食\n',1),(36,'家居\n',1);
/*!40000 ALTER TABLE `Book_Type` ENABLE KEYS */;
UNLOCK TABLES;

--
-- Table structure for table `Emp`
--

DROP TABLE IF EXISTS `Emp`;
/*!40101 SET @saved_cs_client     = @@character_set_client */;
/*!40101 SET character_set_client = utf8 */;
CREATE TABLE `Emp` (
  `Emp_ID` int(3) NOT NULL AUTO_INCREMENT,
  `Emp_Name` varchar(255) NOT NULL,
  `Emp_Pwd` varchar(255) NOT NULL,
  `Emp_Age` int(11) NOT NULL,
  `Emp_Tel` varchar(11) NOT NULL,
  `Emp_Type` varchar(255) NOT NULL,
  `Emp_LastDate` datetime DEFAULT NULL,
  PRIMARY KEY (`Emp_ID`),
  UNIQUE KEY `Emp_Tel_UNIQUE` (`Emp_Tel`)
) ENGINE=InnoDB AUTO_INCREMENT=27 DEFAULT CHARSET=utf8;
/*!40101 SET character_set_client = @saved_cs_client */;

--
-- Dumping data for table `Emp`
--

LOCK TABLES `Emp` WRITE;
/*!40000 ALTER TABLE `Emp` DISABLE KEYS */;
INSERT INTO `Emp` VALUES (21,'admin','$2y$10$O5zAdqYZWx3duPZv0z.ClecICnChhUMLsIsj3afFLcb8LCdiDWmKK',18,'15319990235','店长','2018-05-07 22:11:21'),(23,'小李','$2y$10$JzcqFOAGpvp/KT.d1g1ivec7ZuSvkLV2FTU3OD5rqMjB1o1hnYoGa',23,'15345273453','管理员','2018-02-24 15:53:11'),(24,'小刘','$2y$10$9ny5hmlLGv6ITXPwC9S1/eDNL4FztBpXsaWS7Ka/AbfLM97MXMA06',25,'15415546564','管理员',NULL),(25,'test1','$2y$10$CtIT9G0h9LWhMJI4g.IQwOoH47ua04NW3JWp8c5KPcStaK67NRTR.',24,'13312414241','前台管理员','2018-04-28 00:29:04'),(26,'小于','$2y$10$E8MiwVav5bQu1MYiDX5SU.qC9eCbj/XbQ786Xnj8BjC8WXvJ9Kqs2',18,'13584292382','前台管理员',NULL);
/*!40000 ALTER TABLE `Emp` ENABLE KEYS */;
UNLOCK TABLES;

--
-- Table structure for table `Order_List`
--

DROP TABLE IF EXISTS `Order_List`;
/*!40101 SET @saved_cs_client     = @@character_set_client */;
/*!40101 SET character_set_client = utf8 */;
CREATE TABLE `Order_List` (
  `Order_ID` int(11) NOT NULL AUTO_INCREMENT,
  `Order_User` varchar(255) NOT NULL,
  `Order_Books` varchar(255) DEFAULT NULL,
  `Order_StartTime` datetime NOT NULL,
  `Order_EndTime` datetime DEFAULT NULL,
  `Order_Status` varchar(45) NOT NULL DEFAULT '待付款',
  `Order_Price` decimal(8,2) NOT NULL,
  `Order_Address` varchar(255) DEFAULT NULL,
  `Order_Number` varchar(45) DEFAULT NULL,
  PRIMARY KEY (`Order_ID`)
) ENGINE=InnoDB AUTO_INCREMENT=34 DEFAULT CHARSET=utf8;
/*!40101 SET character_set_client = @saved_cs_client */;

--
-- Dumping data for table `Order_List`
--

LOCK TABLES `Order_List` WRITE;
/*!40000 ALTER TABLE `Order_List` DISABLE KEYS */;
INSERT INTO `Order_List` VALUES (1,'1','[{\"id\":43,\"num\":2,\"price\":132}]','2018-03-25 22:39:31','2018-05-02 23:04:41','已完成',132.00,NULL,'1524824310726'),(2,'1','[{\"id\":43,\"num\":1,\"price\":66}]','2018-03-29 22:07:52','2018-03-31 15:07:52','已完成',66.00,NULL,NULL),(4,'1','[{\"id\":45,\"num\":1,\"price\":29}]','2018-03-29 23:25:35','2018-04-27 23:05:05','已完成',29.00,NULL,'1524823511382'),(6,'1','[{\"id\":41,\"num\":1,\"price\":27}]','2018-03-29 23:51:21',NULL,'待收货',27.00,NULL,'1524824650285'),(12,'1','[{\"id\":\"44\",\"num\":\"1\",\"price\":24},{\"id\":\"43\",\"num\":\"1\",\"price\":66}]','2018-03-31 11:37:59','2018-03-31 15:21:33','已完成',90.00,'王晓璐13456456454上海市杨浦区xx路xxx号',NULL),(13,'1','[{\"id\":45,\"num\":2,\"price\":58}]','2018-03-31 11:40:50',NULL,'待收货',58.00,'杨梵18929247247广东省东莞市xx区xxx路x号','1524824837703'),(14,'1','[{\"id\":41,\"num\":1,\"price\":27}]','2018-03-31 11:41:35',NULL,'待收货',27.00,'李元芳15343463343江苏省南京市xx区xx路xxxx号','1524824715651'),(15,'1','[{\"id\":57,\"num\":4,\"price\":136}]','2018-03-31 11:43:02',NULL,'待收货',136.00,'李元芳15343463343江苏省南京市xx区xx路xxxx号','1524835759790'),(16,'4','[{\"id\":41,\"num\":1,\"price\":27}]','2018-04-01 14:46:07',NULL,'待收货',27.00,'王小儿13412351244陕西省咸阳市xx区xxxx路xxx号','1524824747009'),(17,'4','[{\"id\":41,\"num\":2,\"price\":54}]','2018-04-01 14:59:13','2018-05-07 14:07:23','已完成',54.00,'王小儿13412351244陕西省咸阳市xx区xxxx路xxx号','1524824794779'),(19,'4','[{\"id\":\"44\",\"num\":\"2\",\"price\":48},{\"id\":\"43\",\"num\":\"1\",\"price\":66},{\"id\":\"41\",\"num\":\"1\",\"price\":27},{\"id\":\"42\",\"num\":\"1\",\"price\":24}]','2018-04-01 15:37:25','2018-04-24 20:40:29','已完成',165.00,'',NULL),(22,'4','[{\"id\":\"42\",\"num\":\"1\",\"price\":24}]','2018-04-01 15:43:26',NULL,'待收货',24.00,'王小儿13412351244陕西省咸阳市xx区xxxx路xxx号','1524824280551'),(23,'1','[{\"id\":\"57\",\"num\":\"1\",\"price\":34}]','2018-04-27 23:05:57',NULL,'待收货',34.00,'王晓璐13456456454上海市杨浦区xx路xxx号','1524841581389'),(24,'4','[{\"id\":57,\"num\":1,\"price\":34}]','2018-04-27 23:07:09',NULL,'待发货',34.00,'王小儿13412351244陕西省咸阳市xx区xxxx路xxx号',NULL),(25,'5','[{\"id\":\"43\",\"num\":\"1\",\"price\":66}]','2018-04-27 23:10:46',NULL,'待收货',66.00,'里斯13335737473北京市海淀区xx街道1384号','1524841948239'),(26,'5','[{\"id\":\"41\",\"num\":\"1\",\"price\":27}]','2018-04-27 23:11:17',NULL,'待付款',27.00,'里斯13335737473北京市海淀区xx街道1384号',NULL),(27,'5','[{\"id\":47,\"num\":2,\"price\":152}]','2018-04-27 23:11:40',NULL,'待发货',152.00,'里斯13335737473北京市海淀区xx街道1384号',NULL),(28,'1','[{\"id\":46,\"num\":1,\"price\":24}]','2018-05-03 10:15:11',NULL,'待收货',24.00,'李元芳15343463343江苏省南京市xx区xx路xxxx号','1525313946565'),(29,'6','[{\"id\":68,\"num\":3,\"price\":279}]','2018-05-02 12:36:29','2018-05-04 12:40:01','已完成',279.00,'张三13484738837陕西省西安市碑林区xx街道','1525408608317'),(30,'6','[{\"id\":\"58\",\"num\":\"1\",\"price\":31},{\"id\":\"57\",\"num\":\"1\",\"price\":34}]','2018-05-04 14:08:22','2018-05-05 14:14:09','已完成',65.00,'张三13484738837陕西省西安市碑林区xx街道','1525586952088'),(31,'6','[{\"id\":68,\"num\":3,\"price\":279}]','2018-05-04 14:15:33','2018-05-06 14:16:06','已完成',279.00,'张三13484738837陕西省西安市碑林区xx街道','1525587342135'),(33,'6','[{\"id\":\"50\",\"num\":\"1\",\"price\":55}]','2018-05-06 21:17:32',NULL,'待付款',55.00,'李四13423425237陕西省西安市未央区xx街道32号',NULL);
/*!40000 ALTER TABLE `Order_List` ENABLE KEYS */;
UNLOCK TABLES;

--
-- Table structure for table `User`
--

DROP TABLE IF EXISTS `User`;
/*!40101 SET @saved_cs_client     = @@character_set_client */;
/*!40101 SET character_set_client = utf8 */;
CREATE TABLE `User` (
  `User_ID` int(11) NOT NULL AUTO_INCREMENT,
  `User_Name` varchar(255) NOT NULL,
  `User_Account` varchar(255) NOT NULL,
  `User_Pwd` varchar(255) NOT NULL,
  `User_Address` blob,
  `User_Cart` blob,
  `User_Order` varchar(255) DEFAULT NULL,
  `User_Img` varchar(255) DEFAULT NULL,
  PRIMARY KEY (`User_ID`),
  UNIQUE KEY `User_Account_UNIQUE` (`User_Account`)
) ENGINE=InnoDB AUTO_INCREMENT=7 DEFAULT CHARSET=utf8;
/*!40101 SET character_set_client = @saved_cs_client */;

--
-- Dumping data for table `User`
--

LOCK TABLES `User` WRITE;
/*!40000 ALTER TABLE `User` DISABLE KEYS */;
INSERT INTO `User` VALUES (1,'我爱中国_AB','user01','$2y$10$4t7igv341ZdDjF56GgnwTuNYZIAPmF14tDBW2IwDQUXo2nyLlpbX2','[{\"name\":\"\\u674e\\u5143\\u82b3\",\"tel\":\"15343463343\",\"address\":\"\\u6c5f\\u82cf\\u7701\\u5357\\u4eac\\u5e02xx\\u533axx\\u8defxxxx\\u53f7\"},{\"name\":\"\\u738b\\u6653\\u7490\",\"tel\":\"13456456454\",\"address\":\"\\u4e0a\\u6d77\\u5e02\\u6768\\u6d66\\u533axx\\u8defxxx\\u53f7\"}]','[{\"id\":\"47\",\"name\":\"\\u523a\\u6740\\u9a91\\u58eb\\u56e2\\u957f\\uff082\\u67085\\u65e5\\u52303\\u67087\\u65e5\\u9884\\u552e\\u671f\\u95f4\\u4e0b\\u5355\\uff0c\\u8d60\\u9001\\u5168\\u65b0\\u7248\\u300a\\u632a\\u5a01\\u7684\\u68ee\\u6797\\u300b\\uff09\",\"num\":\"1\",\"pprice\":\"76.00\",\"tprice\":76}]',NULL,'http://ouibvkb9c.bkt.clouddn.com/avatar/1521100092178.png'),(4,'阿斯顿','user02','$2y$10$ozL4D87qcD8jUVjadlPCUuT6xUaIsIWp7C8harptz21bLOIarywHC','[{\"name\":\"\\u738b\\u5c0f\\u513f\",\"tel\":\"13412351244\",\"address\":\"\\u9655\\u897f\\u7701\\u54b8\\u9633\\u5e02xx\\u533axxxx\\u8defxxx\\u53f7\"}]','',NULL,NULL),(5,'blueblueblue','blue_user','$2y$10$StYw1Y85rWoqxRnkxckl..HTGYEL2DvrjVM9Vdo4ZT29HPM7nqaR.','[{\"name\":\"\\u91cc\\u65af\",\"tel\":\"13335737473\",\"address\":\"\\u5317\\u4eac\\u5e02\\u6d77\\u6dc0\\u533axx\\u8857\\u90531384\\u53f7\"}]','',NULL,NULL),(6,'我只为测试','test','$2y$10$H8V1yOrwOPUDTlry0eYAm.oOR/33PSQ66Cj.RpkVgQHFRlxEG.Cqi','[{\"name\":\"\\u674e\\u56db\",\"tel\":\"13423425237\",\"address\":\"\\u9655\\u897f\\u7701\\u897f\\u5b89\\u5e02\\u672a\\u592e\\u533axx\\u8857\\u905332\\u53f7\"},{\"name\":\"\\u5f20\\u4e09\",\"tel\":\"13484738837\",\"address\":\"\\u9655\\u897f\\u7701\\u897f\\u5b89\\u5e02\\u7891\\u6797\\u533axx\\u8857\\u9053\"}]','',NULL,'http://img4.duitang.com/uploads/item/201511/26/20151126112617_vUaQf.jpeg');
/*!40000 ALTER TABLE `User` ENABLE KEYS */;
UNLOCK TABLES;

--
-- Table structure for table `follow`
--

DROP TABLE IF EXISTS `follow`;
/*!40101 SET @saved_cs_client     = @@character_set_client */;
/*!40101 SET character_set_client = utf8 */;
CREATE TABLE `follow` (
  `row` int(11) NOT NULL AUTO_INCREMENT,
  `bgid` int(11) DEFAULT NULL,
  `uid` int(11) DEFAULT NULL,
  `sort` int(11) DEFAULT NULL,
  `sortnew` int(11) DEFAULT NULL,
  PRIMARY KEY (`row`)
) ENGINE=InnoDB AUTO_INCREMENT=5 DEFAULT CHARSET=utf8;
/*!40101 SET character_set_client = @saved_cs_client */;

--
-- Dumping data for table `follow`
--

LOCK TABLES `follow` WRITE;
/*!40000 ALTER TABLE `follow` DISABLE KEYS */;
INSERT INTO `follow` VALUES (1,44397,1123,1,1),(2,203231013,1123,2,6),(3,3124123,1123,2,6),(4,12312414,1123,2,5);
/*!40000 ALTER TABLE `follow` ENABLE KEYS */;
UNLOCK TABLES;
/*!40103 SET TIME_ZONE=@OLD_TIME_ZONE */;

/*!40101 SET SQL_MODE=@OLD_SQL_MODE */;
/*!40014 SET FOREIGN_KEY_CHECKS=@OLD_FOREIGN_KEY_CHECKS */;
/*!40014 SET UNIQUE_CHECKS=@OLD_UNIQUE_CHECKS */;
/*!40101 SET CHARACTER_SET_CLIENT=@OLD_CHARACTER_SET_CLIENT */;
/*!40101 SET CHARACTER_SET_RESULTS=@OLD_CHARACTER_SET_RESULTS */;
/*!40101 SET COLLATION_CONNECTION=@OLD_COLLATION_CONNECTION */;
/*!40111 SET SQL_NOTES=@OLD_SQL_NOTES */;

-- Dump completed on 2018-05-08 13:18:59
